2025-06-19 10:06:24,Alert
2025-06-19 10:06:24,Alert
2025-06-19 10:06:24,Alert
2025-06-19 10:06:24,Alert
2025-06-19 10:06:25,Alert
2025-06-19 10:06:25,Alert
2025-06-19 10:06:25,Alert
2025-06-19 10:06:25,Alert
2025-06-19 10:06:25,Alert
2025-06-19 10:06:25,Alert
2025-06-19 10:06:25,Alert
2025-06-19 10:06:25,Alert
2025-06-19 10:06:25,Alert
2025-06-19 10:06:25,Alert
2025-06-19 10:06:25,Alert
2025-06-19 10:06:25,Alert
2025-06-19 10:06:25,Alert
2025-06-19 10:06:25,Alert
2025-06-19 10:06:25,Alert
2025-06-19 10:06:25,Alert
2025-06-19 10:06:25,Alert
2025-06-19 10:06:25,Alert
2025-06-19 10:06:25,Alert
2025-06-19 10:06:25,Alert
2025-06-19 10:06:25,Alert
2025-06-19 10:06:25,Alert
2025-06-19 10:06:25,Alert
2025-06-19 10:06:25,Alert
2025-06-19 10:06:25,Alert
2025-06-19 10:06:25,Alert
2025-06-19 10:06:25,Alert
2025-06-19 10:06:25,Alert
2025-06-19 10:06:26,Alert
2025-06-19 10:06:26,Alert
2025-06-19 10:06:26,Alert
2025-06-19 10:06:26,Alert
2025-06-19 10:06:26,Alert
2025-06-19 10:06:26,Alert
2025-06-19 10:06:26,Alert
2025-06-19 10:06:26,Alert
2025-06-19 10:06:26,Alert
2025-06-19 10:06:26,Alert
2025-06-19 10:06:26,Alert
2025-06-19 10:06:26,Alert
2025-06-19 10:06:26,Alert
2025-06-19 10:06:26,Alert
2025-06-19 10:06:26,Alert
2025-06-19 10:06:26,Alert
2025-06-19 10:06:26,Alert
2025-06-19 10:06:26,Alert
2025-06-19 10:06:26,Alert
2025-06-19 10:06:26,Alert
2025-06-19 10:06:26,Alert
2025-06-19 10:06:26,Alert
2025-06-19 10:06:26,Alert
2025-06-19 10:06:26,Alert
2025-06-19 10:06:26,Alert
2025-06-19 10:06:26,Alert
2025-06-19 10:06:27,Alert
2025-06-19 10:06:27,Alert
2025-06-19 10:06:27,Alert
2025-06-19 10:06:27,Alert
2025-06-19 10:06:27,Alert
2025-06-19 10:06:27,Alert
2025-06-19 10:06:27,Alert
2025-06-19 10:06:27,Alert
2025-06-19 10:06:27,Alert
2025-06-19 10:06:27,Alert
2025-06-19 10:06:27,Alert
2025-06-19 10:06:27,Alert
2025-06-19 10:06:27,Alert
2025-06-19 10:06:27,Alert
2025-06-19 10:06:27,Alert
2025-06-19 10:06:27,Alert
2025-06-19 10:06:27,Alert
2025-06-19 10:06:27,Fatigued
2025-06-19 10:06:27,Fatigued
2025-06-19 10:06:27,Alert
2025-06-19 10:06:27,Alert
2025-06-19 10:06:28,Alert
2025-06-19 10:06:28,Alert
2025-06-19 10:06:28,Alert
2025-06-19 10:06:28,Alert
2025-06-19 10:06:28,Alert
2025-06-19 10:06:28,Alert
2025-06-19 10:06:28,Alert
2025-06-19 10:06:28,Alert
2025-06-19 10:06:28,Alert
2025-06-19 10:06:28,Alert
2025-06-19 10:06:28,Alert
2025-06-19 10:06:28,Alert
2025-06-19 10:06:28,Alert
2025-06-19 10:06:28,Alert
2025-06-19 10:06:28,Alert
2025-06-19 10:06:28,Alert
2025-06-19 10:06:28,Alert
2025-06-19 10:06:28,Alert
2025-06-19 10:06:28,Alert
2025-06-19 10:06:28,Alert
2025-06-19 10:06:28,Alert
2025-06-19 10:06:28,Alert
2025-06-19 10:06:28,Alert
2025-06-19 10:06:28,Alert
2025-06-19 10:06:29,Alert
2025-06-19 10:06:29,Alert
2025-06-19 10:06:29,Alert
2025-06-19 10:06:29,Alert
2025-06-19 10:06:29,Alert
2025-06-19 10:06:29,Alert
2025-06-19 10:06:29,Alert
2025-06-19 10:06:29,Alert
2025-06-19 10:06:29,Alert
2025-06-19 10:06:29,Alert
2025-06-19 10:06:29,Alert
2025-06-19 10:06:29,Alert
2025-06-19 10:06:29,Alert
2025-06-19 10:06:29,Alert
2025-06-19 10:06:29,Alert
2025-06-19 10:06:29,Alert
2025-06-19 10:06:29,Alert
2025-06-19 10:06:29,Alert
2025-06-19 10:06:29,Alert
2025-06-19 10:06:29,Alert
2025-06-19 10:06:29,Alert
2025-06-19 10:06:29,Alert
2025-06-19 10:06:29,Alert
2025-06-19 10:06:29,Alert
2025-06-19 10:06:29,Alert
2025-06-19 10:06:29,Alert
2025-06-19 10:06:29,Alert
2025-06-19 10:06:29,Alert
2025-06-19 10:06:30,Alert
2025-06-19 10:06:30,Alert
2025-06-19 10:06:30,Alert
2025-06-19 10:06:30,Alert
2025-06-19 10:06:30,Alert
2025-06-19 10:06:30,Alert
2025-06-19 10:06:30,Alert
2025-06-19 10:06:30,Alert
2025-06-19 10:06:30,Alert
2025-06-19 10:06:30,Alert
2025-06-19 10:06:30,Alert
2025-06-19 10:06:30,Alert
2025-06-19 10:06:30,Alert
2025-06-19 10:06:30,Alert
2025-06-19 10:06:30,Alert
2025-06-19 10:06:30,Alert
2025-06-19 10:06:30,Alert
2025-06-19 10:06:30,Alert
2025-06-19 10:06:30,Alert
2025-06-19 10:06:30,Alert
2025-06-19 10:06:30,Alert
2025-06-19 10:06:30,Alert
2025-06-19 10:06:30,Alert
2025-06-19 10:06:30,Alert
2025-06-19 10:06:30,Alert
2025-06-19 10:06:30,Alert
2025-06-19 10:06:30,Alert
2025-06-19 10:06:30,Alert
2025-06-19 10:06:30,Alert
2025-06-19 10:06:31,Alert
2025-06-19 10:06:31,Alert
2025-06-19 10:06:31,Alert
2025-06-19 10:06:31,Alert
2025-06-19 10:06:31,Alert
2025-06-19 10:06:31,Alert
2025-06-19 10:06:31,Alert
2025-06-19 10:06:31,Alert
2025-06-19 10:06:31,Alert
2025-06-19 10:06:31,Alert
2025-06-19 10:06:31,Alert
2025-06-19 10:06:31,Alert
2025-06-19 10:06:31,Alert
2025-06-19 10:06:31,Alert
2025-06-19 10:06:31,Alert
2025-06-19 10:06:31,Alert
2025-06-19 10:06:31,Alert
2025-06-19 10:06:31,Alert
2025-06-19 10:06:31,Alert
2025-06-19 10:06:31,Alert
2025-06-19 10:06:31,Alert
2025-06-19 10:06:31,Alert
2025-06-19 10:06:31,Alert
2025-06-19 10:06:31,Alert
2025-06-19 10:06:31,Alert
2025-06-19 10:06:32,Alert
2025-06-19 10:06:32,Alert
2025-06-19 10:06:32,Alert
2025-06-19 10:06:32,Alert
2025-06-19 10:06:32,Alert
2025-06-19 10:06:32,Alert
2025-06-19 10:06:32,Alert
2025-06-19 10:06:32,Alert
2025-06-19 10:06:32,Alert
2025-06-19 10:06:32,Alert
2025-06-19 10:06:32,Alert
2025-06-19 10:06:32,Alert
2025-06-19 10:06:32,Alert
2025-06-19 10:06:32,Alert
2025-06-19 10:06:32,Alert
2025-06-19 10:06:32,Alert
2025-06-19 10:06:32,Alert
2025-06-19 10:06:32,Alert
2025-06-19 10:06:32,Alert
2025-06-19 10:06:32,Alert
2025-06-19 10:06:32,Alert
2025-06-19 10:06:32,Alert
2025-06-19 10:06:33,Alert
2025-06-19 10:06:33,Alert
2025-06-19 10:06:33,Alert
2025-06-19 10:06:33,Alert
2025-06-19 10:06:33,Alert
2025-06-19 10:06:33,Alert
2025-06-19 10:06:33,Alert
2025-06-19 10:06:33,Alert
2025-06-19 10:06:33,Alert
2025-06-19 10:06:33,Alert
2025-06-19 10:06:33,Alert
2025-06-19 10:06:33,Alert
2025-06-19 10:06:33,Alert
2025-06-19 10:06:33,Alert
2025-06-19 10:06:33,Alert
2025-06-19 10:06:33,Alert
2025-06-19 10:06:33,Alert
2025-06-19 10:06:33,Alert
2025-06-19 10:06:33,Alert
2025-06-19 10:06:33,Alert
2025-06-19 10:06:33,Alert
2025-06-19 10:06:33,Alert
2025-06-19 10:06:33,Alert
2025-06-19 10:06:33,Alert
2025-06-19 10:06:33,Alert
2025-06-19 10:06:33,Alert
2025-06-19 10:06:33,Alert
2025-06-19 10:06:34,Alert
2025-06-19 10:06:34,Alert
2025-06-19 10:06:34,Alert
2025-06-19 10:06:34,Alert
2025-06-19 10:06:34,Alert
2025-06-19 10:06:34,Alert
2025-06-19 10:06:34,Alert
2025-06-19 10:06:34,Alert
2025-06-19 10:06:34,Alert
2025-06-19 10:06:34,Alert
2025-06-19 10:06:34,Alert
2025-06-19 10:06:34,Alert
2025-06-19 10:06:34,Alert
2025-06-19 10:06:34,Alert
2025-06-19 10:06:34,Alert
2025-06-19 10:06:34,Alert
2025-06-19 10:06:34,Alert
2025-06-19 10:06:34,Alert
2025-06-19 10:06:34,Alert
2025-06-19 10:06:34,Alert
2025-06-19 10:06:34,Alert
2025-06-19 10:06:34,Alert
2025-06-19 10:06:34,Alert
2025-06-19 10:06:34,Alert
2025-06-19 10:06:34,Alert
2025-06-19 10:06:34,Alert
2025-06-19 10:06:34,Alert
2025-06-19 10:06:34,Alert
2025-06-19 10:06:35,Alert
2025-06-19 10:06:35,Alert
2025-06-19 10:06:35,Alert
2025-06-19 10:06:35,Alert
2025-06-19 10:06:35,Alert
2025-06-19 10:06:35,Alert
2025-06-19 10:06:35,Alert
2025-06-19 10:06:35,Alert
2025-06-19 10:06:35,Alert
2025-06-19 10:06:35,Alert
2025-06-19 10:06:35,Alert
2025-06-19 10:06:35,Alert
2025-06-19 10:06:35,Alert
2025-06-19 10:06:35,Alert
2025-06-19 10:06:35,Alert
2025-06-19 10:06:35,Alert
2025-06-19 10:06:35,Alert
2025-06-19 10:06:35,Alert
2025-06-19 10:06:35,Alert
2025-06-19 10:06:35,Alert
2025-06-19 10:06:35,Alert
2025-06-19 10:06:35,Alert
2025-06-19 10:06:35,Alert
2025-06-19 10:06:35,Alert
2025-06-19 10:06:35,Fatigued
2025-06-19 10:06:36,Fatigued
2025-06-19 10:06:36,Fatigued
2025-06-19 10:06:36,Fatigued
2025-06-19 10:06:36,Fatigued
2025-06-19 10:06:36,Fatigued
2025-06-19 10:06:36,Fatigued
2025-06-19 10:06:36,Fatigued
2025-06-19 10:06:36,Fatigued
2025-06-19 10:06:36,Fatigued
2025-06-19 10:06:36,Fatigued
2025-06-19 10:06:36,Fatigued
2025-06-19 10:06:36,Alert
2025-06-19 10:06:36,Alert
2025-06-19 10:06:36,Alert
2025-06-19 10:06:36,Alert
2025-06-19 10:06:36,Alert
2025-06-19 10:06:36,Alert
2025-06-19 10:06:36,Alert
2025-06-19 10:06:36,Alert
2025-06-19 10:06:36,Alert
2025-06-19 10:06:36,Alert
2025-06-19 10:06:36,Alert
2025-06-19 10:06:36,Alert
2025-06-19 10:06:37,Alert
2025-06-19 10:06:37,Alert
2025-06-19 10:06:37,Alert
2025-06-19 10:06:37,Alert
2025-06-19 10:06:37,Alert
2025-06-19 10:06:37,Alert
2025-06-19 10:06:37,Alert
2025-06-19 10:06:37,Alert
2025-06-19 10:06:37,Alert
2025-06-19 10:06:37,Alert
2025-06-19 10:06:37,Alert
2025-06-19 10:06:37,Alert
2025-06-19 10:06:37,Alert
2025-06-19 10:06:37,Alert
2025-06-19 10:06:37,Alert
2025-06-19 10:06:37,Alert
2025-06-19 10:06:37,Alert
2025-06-19 10:06:37,Alert
2025-06-19 10:06:37,Alert
2025-06-19 10:06:37,Alert
2025-06-19 10:06:37,Alert
2025-06-19 10:06:37,Alert
2025-06-19 10:06:37,Alert
2025-06-19 10:06:37,Alert
2025-06-19 10:06:37,Alert
2025-06-19 10:06:37,Alert
2025-06-19 10:06:37,Alert
2025-06-19 10:06:38,Alert
2025-06-19 10:06:38,Alert
2025-06-19 10:06:38,Alert
2025-06-19 10:06:38,Alert
2025-06-19 10:06:38,Alert
2025-06-19 10:06:38,Alert
2025-06-19 10:06:38,Alert
2025-06-19 10:06:38,Alert
2025-06-19 10:06:38,Alert
2025-06-19 10:06:38,Alert
2025-06-19 10:06:38,Alert
2025-06-19 10:06:38,Alert
2025-06-19 10:06:38,Alert
2025-06-19 10:06:38,Alert
2025-06-19 10:06:38,Alert
2025-06-19 10:06:38,Alert
2025-06-19 10:06:38,Alert
2025-06-19 10:06:38,Alert
2025-06-19 10:06:38,Alert
2025-06-19 10:06:38,Alert
2025-06-19 10:06:38,Alert
2025-06-19 10:06:38,Alert
2025-06-19 10:06:38,Alert
2025-06-19 10:06:38,Alert
2025-06-19 10:06:38,Alert
2025-06-19 10:06:38,Alert
2025-06-19 10:06:38,Alert
2025-06-19 10:06:38,Alert
2025-06-19 10:06:39,Alert
2025-06-19 10:06:39,Alert
2025-06-19 10:06:39,Alert
2025-06-19 10:06:39,Alert
2025-06-19 10:06:39,Alert
2025-06-19 10:06:39,Alert
2025-06-19 10:06:39,Alert
2025-06-19 10:06:39,Alert
2025-06-19 10:06:39,Alert
2025-06-19 10:06:39,Alert
2025-06-19 10:06:39,Alert
2025-06-19 10:06:39,Alert
2025-06-19 10:06:39,Alert
2025-06-19 10:06:39,Alert
2025-06-19 10:06:39,Alert
2025-06-19 10:06:39,Alert
2025-06-19 10:06:39,Alert
2025-06-19 10:06:39,Alert
2025-06-19 10:06:39,Alert
2025-06-19 10:06:39,Alert
2025-06-19 10:06:39,Alert
2025-06-19 10:06:39,Alert
2025-06-19 10:06:39,Alert
2025-06-19 10:06:39,Alert
2025-06-19 10:06:39,Alert
2025-06-19 10:06:39,Alert
2025-06-19 10:06:39,Alert
2025-06-19 10:06:40,Alert
2025-06-19 10:06:40,Alert
2025-06-19 10:06:40,Alert
2025-06-19 10:06:40,Alert
2025-06-19 10:06:40,Alert
2025-06-19 10:06:40,Alert
2025-06-19 10:06:40,Alert
2025-06-19 10:06:40,Alert
2025-06-19 10:06:40,Alert
2025-06-19 10:06:40,Alert
2025-06-19 10:06:40,Alert
2025-06-19 10:06:40,Alert
2025-06-19 10:06:40,Alert
2025-06-19 10:06:40,Alert
2025-06-19 10:06:40,Alert
2025-06-19 10:06:40,Alert
2025-06-19 10:06:40,Alert
2025-06-19 10:06:40,Alert
2025-06-19 10:06:40,Alert
2025-06-19 10:06:40,Alert
2025-06-19 10:06:40,Alert
2025-06-19 10:06:40,Alert
2025-06-19 10:06:41,Alert
2025-06-19 10:06:41,Alert
2025-06-19 10:06:41,Alert
2025-06-19 10:06:41,Alert
2025-06-19 10:06:41,Alert
2025-06-19 10:06:41,Alert
2025-06-19 10:06:41,Alert
2025-06-19 10:06:41,Alert
2025-06-19 10:06:41,Alert
2025-06-19 10:06:41,Alert
2025-06-19 10:06:41,Alert
2025-06-19 10:06:41,Alert
2025-06-19 10:06:41,Alert
2025-06-19 10:06:41,Alert
2025-06-19 10:06:41,Alert
2025-06-19 10:06:41,Alert
2025-06-19 10:06:42,Alert
2025-06-19 10:06:42,Alert
2025-06-19 10:06:42,Alert
2025-06-19 10:06:42,Alert
2025-06-19 10:06:42,Alert
2025-06-19 10:06:42,Alert
2025-06-19 10:06:42,Alert
2025-06-19 10:06:42,Alert
2025-06-19 10:06:42,Alert
2025-06-19 10:06:42,Alert
2025-06-19 10:06:42,Alert
2025-06-19 10:06:42,Alert
2025-06-19 10:06:42,Alert
2025-06-19 10:06:42,Alert
2025-06-19 10:06:42,Alert
2025-06-19 10:06:42,Alert
2025-06-19 10:06:42,Alert
2025-06-19 10:06:42,Alert
2025-06-19 10:06:42,Alert
2025-06-19 10:06:42,Alert
2025-06-19 10:06:42,Alert
2025-06-19 10:06:42,Alert
2025-06-19 10:06:42,Alert
2025-06-19 10:06:42,Alert
2025-06-19 10:06:42,Alert
2025-06-19 10:06:42,Alert
2025-06-19 10:06:43,Alert
2025-06-19 10:06:43,Alert
2025-06-19 10:06:43,Alert
2025-06-19 10:06:43,Alert
2025-06-19 10:06:43,Alert
2025-06-19 10:06:43,Alert
2025-06-19 10:06:43,Alert
2025-06-19 10:06:43,Alert
2025-06-19 10:06:43,Alert
2025-06-19 10:06:43,Alert
2025-06-19 10:06:43,Alert
2025-06-19 10:06:43,Alert
2025-06-19 10:06:43,Fatigued
2025-06-19 10:06:43,Alert
2025-06-19 10:06:43,Alert
2025-06-19 10:06:43,Alert
2025-06-19 10:06:43,Alert
2025-06-19 10:06:43,Alert
2025-06-19 10:06:43,Alert
2025-06-19 10:06:43,Alert
2025-06-19 10:06:43,Alert
2025-06-19 10:06:43,Alert
2025-06-19 10:06:43,Alert
2025-06-19 10:06:43,Alert
2025-06-19 10:06:43,Alert
2025-06-19 10:06:43,Alert
2025-06-19 10:06:43,Alert
2025-06-19 10:06:43,Alert
2025-06-19 10:06:44,Alert
2025-06-19 10:06:44,Alert
2025-06-19 10:06:44,Alert
2025-06-19 10:06:44,Alert
2025-06-19 10:06:44,Alert
2025-06-19 10:06:44,Alert
2025-06-19 10:06:44,Alert
2025-06-19 10:06:44,Alert
2025-06-19 10:06:44,Alert
2025-06-19 10:06:44,Alert
2025-06-19 10:06:44,Alert
2025-06-19 10:06:44,Alert
2025-06-19 10:06:44,Alert
2025-06-19 10:06:44,Alert
2025-06-19 10:06:44,Alert
2025-06-19 10:06:44,Alert
2025-06-19 10:06:44,Alert
2025-06-19 10:06:44,Alert
2025-06-19 10:06:44,Alert
2025-06-19 10:06:44,Alert
2025-06-19 10:06:44,Alert
2025-06-19 10:06:44,Alert
2025-06-19 10:06:44,Alert
2025-06-19 10:06:44,Alert
2025-06-19 10:06:44,Alert
2025-06-19 10:06:44,Alert
2025-06-19 10:06:44,Alert
2025-06-19 10:06:45,Fatigued
2025-06-19 10:06:45,Fatigued
2025-06-19 10:06:45,Alert
2025-06-19 10:06:45,Alert
2025-06-19 10:06:45,Alert
2025-06-19 10:06:45,Alert
2025-06-19 10:06:45,Alert
2025-06-19 10:06:45,Alert
2025-06-19 10:06:45,Alert
2025-06-19 10:06:45,Alert
2025-06-19 10:06:45,Alert
2025-06-19 10:06:45,Alert
2025-06-19 10:06:45,Alert
2025-06-19 10:06:45,Alert
2025-06-19 10:06:45,Alert
2025-06-19 10:06:45,Alert
2025-06-19 10:06:45,Alert
2025-06-19 10:06:45,Alert
2025-06-19 10:06:45,Alert
2025-06-19 10:06:45,Alert
2025-06-19 10:06:45,Alert
2025-06-19 10:06:45,Alert
2025-06-19 10:06:45,Alert
2025-06-19 10:06:45,Alert
2025-06-19 10:06:45,Alert
2025-06-19 10:06:45,Alert
2025-06-19 10:06:45,Alert
2025-06-19 10:06:46,Alert
2025-06-19 10:06:46,Alert
2025-06-19 10:06:46,Alert
2025-06-19 10:06:46,Alert
2025-06-19 10:06:46,Alert
2025-06-19 10:06:46,Alert
2025-06-19 10:06:46,Alert
2025-06-19 10:06:46,Alert
2025-06-19 10:06:46,Alert
2025-06-19 10:06:46,Alert
2025-06-19 10:06:46,Alert
2025-06-19 10:06:46,Alert
2025-06-19 10:06:46,Alert
2025-06-19 10:06:46,Alert
2025-06-19 10:06:46,Alert
2025-06-19 10:06:46,Alert
2025-06-19 10:06:46,Alert
2025-06-19 10:06:46,Alert
2025-06-19 10:06:46,Alert
2025-06-19 10:06:46,Alert
2025-06-19 10:06:46,Alert
2025-06-19 10:06:46,Alert
2025-06-19 10:06:46,Alert
2025-06-19 10:06:47,Alert
2025-06-19 10:06:47,Alert
2025-06-19 10:06:47,Alert
2025-06-19 10:06:47,Alert
2025-06-19 10:06:47,Alert
2025-06-19 10:06:47,Alert
2025-06-19 10:06:47,Alert
2025-06-19 10:06:47,Alert
2025-06-19 10:06:47,Alert
2025-06-19 10:06:47,Alert
2025-06-19 10:06:47,Alert
2025-06-19 10:06:47,Alert
2025-06-19 10:06:47,Alert
2025-06-19 10:06:47,Alert
2025-06-19 10:06:47,Alert
2025-06-19 10:06:47,Alert
2025-06-19 10:06:47,Alert
2025-06-19 10:06:47,Alert
2025-06-19 10:06:47,Alert
2025-06-19 10:06:47,Alert
2025-06-19 10:06:47,Alert
2025-06-19 10:06:47,Alert
2025-06-19 10:06:47,Alert
2025-06-19 10:06:47,Alert
2025-06-19 10:06:47,Alert
2025-06-19 10:06:47,Alert
2025-06-19 10:06:47,Alert
2025-06-19 10:06:47,Alert
2025-06-19 10:06:47,Alert
2025-06-19 10:06:48,Alert
2025-06-19 10:06:48,Alert
2025-06-19 10:06:48,Alert
2025-06-19 10:06:48,Alert
2025-06-19 10:06:48,Alert
2025-06-19 10:06:48,Alert
2025-06-19 10:06:48,Alert
2025-06-19 10:06:48,Alert
2025-06-19 10:06:48,Fatigued
2025-06-19 10:06:48,Fatigued
2025-06-19 10:06:48,Alert
2025-06-19 10:06:48,Alert
2025-06-19 10:06:48,Alert
2025-06-19 10:06:48,Alert
2025-06-19 10:06:48,Alert
2025-06-19 10:06:48,Alert
2025-06-19 10:06:48,Alert
2025-06-19 10:06:48,Alert
2025-06-19 10:06:48,Alert
2025-06-19 10:06:48,Alert
2025-06-19 10:06:49,Alert
2025-06-19 10:06:49,Alert
2025-06-19 10:06:49,Alert
2025-06-19 10:06:49,Alert
2025-06-19 10:06:49,Alert
2025-06-19 10:06:49,Alert
2025-06-19 10:06:49,Alert
2025-06-19 10:06:49,Alert
2025-06-19 10:06:49,Alert
2025-06-19 10:06:49,Fatigued
2025-06-19 10:06:49,Fatigued
2025-06-19 10:06:49,Fatigued
2025-06-19 10:06:49,Fatigued
2025-06-19 10:06:49,Fatigued
2025-06-19 10:06:49,Fatigued
2025-06-19 10:06:49,Fatigued
2025-06-19 10:06:49,Fatigued
2025-06-19 10:06:49,Fatigued
2025-06-19 10:06:49,Fatigued
2025-06-19 10:06:49,Fatigued
2025-06-19 10:06:49,Fatigued
2025-06-19 10:06:49,Fatigued
2025-06-19 10:06:49,Fatigued
2025-06-19 10:06:49,Fatigued
2025-06-19 10:06:49,Fatigued
2025-06-19 10:06:49,Fatigued
2025-06-19 10:06:49,Fatigued
2025-06-19 10:06:49,Alert
2025-06-19 10:06:50,Alert
2025-06-19 10:06:50,Alert
2025-06-19 10:06:50,Alert
2025-06-19 10:06:50,Alert
2025-06-19 10:06:50,Alert
2025-06-19 10:06:50,Alert
2025-06-19 10:06:50,Alert
2025-06-19 10:06:50,Alert
2025-06-19 10:06:50,Alert
2025-06-19 10:06:50,Alert
2025-06-19 10:06:50,Alert
2025-06-19 10:06:50,Alert
2025-06-19 10:06:50,Alert
2025-06-19 10:06:50,Alert
2025-06-19 10:06:50,Alert
2025-06-19 10:06:50,Alert
2025-06-19 10:06:50,Alert
2025-06-19 10:06:50,Alert
2025-06-19 10:06:50,Alert
2025-06-19 10:06:50,Fatigued
2025-06-19 10:06:50,Fatigued
2025-06-19 10:06:50,Fatigued
2025-06-19 10:06:50,Fatigued
2025-06-19 10:06:50,Fatigued
2025-06-19 10:06:50,Fatigued
2025-06-19 10:06:50,Fatigued
2025-06-19 10:06:50,Fatigued
2025-06-19 10:06:51,Fatigued
2025-06-19 10:06:51,Fatigued
2025-06-19 10:06:51,Fatigued
2025-06-19 10:06:51,Fatigued
2025-06-19 10:06:51,Fatigued
2025-06-19 10:06:51,Fatigued
2025-06-19 10:06:51,Fatigued
2025-06-19 10:06:51,Fatigued
2025-06-19 10:06:51,Fatigued
2025-06-19 10:06:51,Fatigued
2025-06-19 10:06:51,Fatigued
2025-06-19 10:06:51,Fatigued
2025-06-19 10:06:51,Fatigued
2025-06-19 10:06:51,Fatigued
2025-06-19 10:06:51,Fatigued
2025-06-19 10:06:51,Fatigued
2025-06-19 10:06:51,Fatigued
2025-06-19 10:06:51,Fatigued
2025-06-19 10:06:51,Fatigued
2025-06-19 10:06:51,Fatigued
2025-06-19 10:06:52,Fatigued
2025-06-19 10:06:52,Fatigued
2025-06-19 10:06:52,Fatigued
2025-06-19 10:06:52,Fatigued
2025-06-19 10:06:52,Fatigued
2025-06-19 10:06:52,Fatigued
2025-06-19 10:06:52,Fatigued
2025-06-19 10:06:52,Fatigued
2025-06-19 10:06:52,Fatigued
2025-06-19 10:06:52,Fatigued
2025-06-19 10:06:52,Fatigued
2025-06-19 10:06:52,Fatigued
2025-06-19 10:06:52,Fatigued
2025-06-19 10:06:52,Fatigued
2025-06-19 10:06:52,Fatigued
2025-06-19 10:06:52,Fatigued
2025-06-19 10:06:52,Fatigued
2025-06-19 10:06:52,Fatigued
2025-06-19 10:06:52,Fatigued
2025-06-19 10:06:52,Fatigued
2025-06-19 10:06:52,Fatigued
2025-06-19 10:06:52,Fatigued
2025-06-19 10:06:52,Fatigued
2025-06-19 10:06:52,Fatigued
2025-06-19 10:06:52,Fatigued
2025-06-19 10:06:52,Fatigued
2025-06-19 10:06:53,Fatigued
2025-06-19 10:06:53,Fatigued
2025-06-19 10:06:53,Fatigued
2025-06-19 10:06:53,Fatigued
2025-06-19 10:06:53,Fatigued
2025-06-19 10:06:53,Fatigued
2025-06-19 10:06:53,Fatigued
2025-06-19 10:06:53,Fatigued
2025-06-19 10:06:53,Fatigued
2025-06-19 10:06:53,Fatigued
2025-06-19 10:06:53,Fatigued
2025-06-19 10:06:53,Fatigued
2025-06-19 10:06:53,Fatigued
2025-06-19 10:06:53,Fatigued
2025-06-19 10:06:53,Fatigued
2025-06-19 10:06:53,Fatigued
2025-06-19 10:06:53,Fatigued
2025-06-19 10:06:53,Fatigued
2025-06-19 10:06:53,Fatigued
2025-06-19 10:06:53,Fatigued
2025-06-19 10:06:53,Fatigued
2025-06-19 10:06:53,Fatigued
2025-06-19 10:06:53,Fatigued
2025-06-19 10:06:53,Fatigued
2025-06-19 10:06:53,Fatigued
2025-06-19 10:06:53,Fatigued
2025-06-19 10:06:53,Fatigued
2025-06-19 10:06:53,Fatigued
2025-06-19 10:06:53,Fatigued
2025-06-19 10:06:54,Fatigued
2025-06-19 10:06:54,Fatigued
2025-06-19 10:06:54,Fatigued
2025-06-19 10:06:54,Fatigued
2025-06-19 10:06:54,Fatigued
2025-06-19 10:06:54,Fatigued
2025-06-19 10:06:54,Fatigued
2025-06-19 10:06:54,Fatigued
2025-06-19 10:06:54,Fatigued
2025-06-19 10:06:54,Fatigued
2025-06-19 10:06:54,Fatigued
2025-06-19 10:06:54,Fatigued
2025-06-19 10:06:54,Fatigued
2025-06-19 10:06:54,Fatigued
2025-06-19 10:06:54,Fatigued
2025-06-19 10:06:54,Fatigued
2025-06-19 10:06:54,Fatigued
2025-06-19 10:06:54,Fatigued
2025-06-19 10:06:54,Fatigued
2025-06-19 10:06:54,Fatigued
2025-06-19 10:06:54,Fatigued
2025-06-19 10:06:54,Fatigued
2025-06-19 10:06:54,Fatigued
2025-06-19 10:06:54,Fatigued
2025-06-19 10:06:54,Fatigued
2025-06-19 10:06:54,Fatigued
2025-06-19 10:06:54,Fatigued
2025-06-19 10:06:55,Fatigued
2025-06-19 10:06:55,Fatigued
2025-06-19 10:06:55,Fatigued
2025-06-19 10:06:55,Fatigued
2025-06-19 10:06:55,Fatigued
2025-06-19 10:06:55,Fatigued
2025-06-19 10:06:55,Fatigued
2025-06-19 10:06:55,Fatigued
2025-06-19 10:06:55,Fatigued
2025-06-19 10:06:55,Fatigued
2025-06-19 10:06:55,Fatigued
2025-06-19 10:06:55,Fatigued
2025-06-19 10:06:55,Fatigued
2025-06-19 10:06:55,Fatigued
2025-06-19 10:06:55,Fatigued
2025-06-19 10:06:55,Fatigued
2025-06-19 10:06:55,Fatigued
2025-06-19 10:06:55,Fatigued
2025-06-19 10:06:55,Fatigued
2025-06-19 10:06:55,Fatigued
2025-06-19 10:06:55,Fatigued
2025-06-19 10:06:55,Fatigued
2025-06-19 10:06:55,Fatigued
2025-06-19 10:06:55,Fatigued
2025-06-19 10:06:55,Fatigued
2025-06-19 10:06:55,Fatigued
2025-06-19 10:06:55,Fatigued
2025-06-19 10:06:55,Fatigued
2025-06-19 10:06:56,Fatigued
2025-06-19 10:06:56,Fatigued
2025-06-19 10:06:56,Fatigued
2025-06-19 10:06:56,Fatigued
2025-06-19 10:06:56,Fatigued
2025-06-19 10:06:56,Fatigued
2025-06-19 10:06:56,Fatigued
2025-06-19 10:06:56,Fatigued
2025-06-19 10:06:56,Fatigued
2025-06-19 10:06:56,Fatigued
2025-06-19 10:06:56,Fatigued
2025-06-19 10:06:56,Fatigued
2025-06-19 10:06:56,Fatigued
2025-06-19 10:06:56,Fatigued
2025-06-19 10:06:56,Fatigued
2025-06-19 10:06:56,Fatigued
2025-06-19 10:06:56,Fatigued
2025-06-19 10:06:56,Fatigued
2025-06-19 10:06:56,Fatigued
2025-06-19 10:06:56,Fatigued
2025-06-19 10:06:56,Fatigued
2025-06-19 10:06:56,Fatigued
2025-06-19 10:06:56,Fatigued
2025-06-19 10:06:56,Fatigued
2025-06-19 10:06:56,Fatigued
2025-06-19 10:06:56,Fatigued
2025-06-19 10:06:56,Fatigued
2025-06-19 10:06:56,Fatigued
2025-06-19 10:06:57,Fatigued
2025-06-19 10:06:57,Fatigued
2025-06-19 10:06:57,Fatigued
2025-06-19 10:06:57,Fatigued
2025-06-19 10:06:57,Fatigued
2025-06-19 10:06:57,Fatigued
2025-06-19 10:06:57,Fatigued
2025-06-19 10:06:57,Fatigued
2025-06-19 10:06:57,Fatigued
2025-06-19 10:06:57,Fatigued
2025-06-19 10:06:57,Fatigued
2025-06-19 10:06:57,Fatigued
2025-06-19 10:06:57,Fatigued
2025-06-19 10:06:57,Fatigued
2025-06-19 10:06:57,Fatigued
2025-06-19 10:06:57,Fatigued
2025-06-19 10:06:57,Fatigued
2025-06-19 10:06:57,Fatigued
2025-06-19 10:06:57,Fatigued
2025-06-19 10:06:57,Fatigued
2025-06-19 10:06:57,Fatigued
2025-06-19 10:06:57,Fatigued
2025-06-19 10:06:57,Fatigued
2025-06-19 10:06:57,Fatigued
2025-06-19 10:06:57,Fatigued
2025-06-19 10:06:57,Fatigued
2025-06-19 10:06:57,Fatigued
2025-06-19 10:06:57,Fatigued
2025-06-19 10:06:57,Fatigued
2025-06-19 10:06:58,Fatigued
2025-06-19 10:06:58,Fatigued
2025-06-19 10:06:58,Fatigued
2025-06-19 10:06:58,Fatigued
2025-06-19 10:06:58,Fatigued
2025-06-19 10:06:58,Fatigued
2025-06-19 10:06:58,Fatigued
2025-06-19 10:06:58,Fatigued
2025-06-19 10:06:58,Fatigued
2025-06-19 10:06:58,Fatigued
2025-06-19 10:06:58,Fatigued
2025-06-19 10:06:58,Fatigued
2025-06-19 10:06:58,Fatigued
2025-06-19 10:06:58,Fatigued
2025-06-19 10:06:58,Fatigued
2025-06-19 10:06:58,Fatigued
2025-06-19 10:06:58,Fatigued
2025-06-19 10:06:58,Fatigued
2025-06-19 10:06:58,Fatigued
2025-06-19 10:06:58,Fatigued
2025-06-19 10:06:58,Fatigued
2025-06-19 10:06:58,Fatigued
2025-06-19 10:06:58,Fatigued
2025-06-19 10:06:58,Fatigued
2025-06-19 10:06:58,Fatigued
2025-06-19 10:06:58,Fatigued
2025-06-19 10:06:58,Fatigued
2025-06-19 10:06:58,Fatigued
2025-06-19 10:06:58,Fatigued
2025-06-19 10:06:59,Fatigued
2025-06-19 10:06:59,Fatigued
2025-06-19 10:06:59,Fatigued
2025-06-19 10:06:59,Fatigued
2025-06-19 10:06:59,Fatigued
2025-06-19 10:06:59,Fatigued
2025-06-19 10:06:59,Fatigued
2025-06-19 10:06:59,Fatigued
2025-06-19 10:06:59,Fatigued
2025-06-19 10:06:59,Fatigued
2025-06-19 10:06:59,Fatigued
2025-06-19 10:06:59,Fatigued
2025-06-19 10:06:59,Fatigued
2025-06-19 10:06:59,Fatigued
2025-06-19 10:06:59,Fatigued
2025-06-19 10:06:59,Fatigued
2025-06-19 10:06:59,Fatigued
2025-06-19 10:06:59,Fatigued
2025-06-19 10:06:59,Fatigued
2025-06-19 10:06:59,Fatigued
2025-06-19 10:06:59,Fatigued
2025-06-19 10:06:59,Fatigued
2025-06-19 10:06:59,Fatigued
2025-06-19 10:06:59,Fatigued
2025-06-19 10:06:59,Fatigued
2025-06-19 10:06:59,Fatigued
2025-06-19 10:06:59,Fatigued
2025-06-19 10:06:59,Fatigued
2025-06-19 10:07:00,Fatigued
2025-06-19 10:07:00,Fatigued
2025-06-19 10:07:00,Fatigued
2025-06-19 10:07:00,Fatigued
2025-06-19 10:07:00,Fatigued
2025-06-19 10:07:00,Fatigued
2025-06-19 10:07:00,Fatigued
2025-06-19 10:07:00,Fatigued
2025-06-19 10:07:00,Fatigued
2025-06-19 10:07:00,Fatigued
2025-06-19 10:07:00,Fatigued
2025-06-19 10:07:00,Fatigued
2025-06-19 10:07:00,Fatigued
2025-06-19 10:07:00,Fatigued
2025-06-19 10:07:00,Fatigued
2025-06-19 10:07:00,Fatigued
2025-06-19 10:07:00,Fatigued
2025-06-19 10:07:00,Fatigued
2025-06-19 10:07:00,Fatigued
2025-06-19 10:07:00,Fatigued
2025-06-19 10:07:00,Fatigued
2025-06-19 10:07:00,Fatigued
2025-06-19 10:07:00,Fatigued
2025-06-19 10:07:00,Fatigued
2025-06-19 10:07:00,Fatigued
2025-06-19 10:07:00,Fatigued
2025-06-19 10:07:00,Fatigued
2025-06-19 10:07:00,Fatigued
2025-06-19 10:07:00,Fatigued
2025-06-19 10:07:01,Fatigued
2025-06-19 10:07:01,Fatigued
2025-06-19 10:07:01,Fatigued
2025-06-19 10:07:01,Fatigued
2025-06-19 10:07:01,Fatigued
2025-06-19 10:07:01,Fatigued
2025-06-19 10:07:01,Fatigued
2025-06-19 10:07:01,Fatigued
2025-06-19 10:07:01,Fatigued
2025-06-19 10:07:01,Fatigued
2025-06-19 10:07:01,Fatigued
2025-06-19 10:07:01,Fatigued
2025-06-19 10:07:01,Fatigued
2025-06-19 10:07:01,Fatigued
2025-06-19 10:07:01,Fatigued
2025-06-19 10:07:01,Fatigued
2025-06-19 10:07:01,Fatigued
2025-06-19 10:07:01,Fatigued
2025-06-19 10:07:01,Fatigued
2025-06-19 10:07:01,Fatigued
2025-06-19 10:07:01,Fatigued
2025-06-19 10:07:01,Fatigued
2025-06-19 10:07:01,Fatigued
2025-06-19 10:07:01,Fatigued
2025-06-19 10:07:01,Fatigued
2025-06-19 10:07:01,Fatigued
2025-06-19 10:07:01,Fatigued
2025-06-19 10:07:02,Fatigued
2025-06-19 10:07:02,Fatigued
2025-06-19 10:07:02,Fatigued
2025-06-19 10:07:02,Fatigued
2025-06-19 10:07:02,Fatigued
2025-06-19 10:07:02,Fatigued
2025-06-19 10:07:02,Fatigued
2025-06-19 10:07:02,Fatigued
2025-06-19 10:07:02,Fatigued
2025-06-19 10:07:02,Fatigued
2025-06-19 10:07:02,Fatigued
2025-06-19 10:07:02,Fatigued
2025-06-19 10:07:02,Fatigued
2025-06-19 10:07:02,Fatigued
2025-06-19 10:07:02,Fatigued
2025-06-19 10:07:02,Fatigued
2025-06-19 10:07:02,Fatigued
2025-06-19 10:07:02,Fatigued
2025-06-19 10:07:02,Fatigued
2025-06-19 10:07:02,Fatigued
2025-06-19 10:07:02,Fatigued
2025-06-19 10:07:02,Fatigued
2025-06-19 10:07:02,Alert
2025-06-19 10:07:02,Alert
2025-06-19 10:07:02,Alert
2025-06-19 10:07:03,Alert
2025-06-19 10:07:03,Alert
2025-06-19 10:07:03,Alert
2025-06-19 10:07:03,Alert
2025-06-19 10:07:03,Alert
2025-06-19 10:07:03,Alert
2025-06-19 10:07:03,Alert
2025-06-19 10:07:03,Alert
2025-06-19 10:07:03,Alert
2025-06-19 10:07:03,Alert
2025-06-19 10:07:03,Alert
2025-06-19 10:07:03,Alert
2025-06-19 10:07:03,Fatigued
2025-06-19 10:07:03,Fatigued
2025-06-19 10:07:03,Fatigued
2025-06-19 10:07:03,Fatigued
2025-06-19 10:07:03,Fatigued
2025-06-19 10:07:03,Fatigued
2025-06-19 10:07:03,Fatigued
2025-06-19 10:07:03,Fatigued
2025-06-19 10:07:03,Fatigued
2025-06-19 10:07:04,Fatigued
2025-06-19 10:07:04,Fatigued
2025-06-19 10:07:04,Fatigued
2025-06-19 10:07:04,Fatigued
2025-06-19 10:07:04,Fatigued
2025-06-19 10:07:04,Fatigued
2025-06-19 10:07:04,Fatigued
2025-06-19 10:07:04,Fatigued
2025-06-19 10:07:04,Fatigued
2025-06-19 10:07:04,Fatigued
2025-06-19 10:07:04,Fatigued
2025-06-19 10:07:04,Fatigued
2025-06-19 10:07:04,Fatigued
2025-06-19 10:07:04,Fatigued
2025-06-19 10:07:04,Fatigued
2025-06-19 10:07:04,Fatigued
2025-06-19 10:07:04,Fatigued
2025-06-19 10:07:04,Fatigued
2025-06-19 10:07:04,Fatigued
2025-06-19 10:07:04,Fatigued
2025-06-19 10:07:04,Fatigued
2025-06-19 10:07:04,Fatigued
2025-06-19 10:07:04,Fatigued
2025-06-19 10:07:04,Fatigued
2025-06-19 10:07:04,Fatigued
2025-06-19 10:07:04,Fatigued
2025-06-19 10:07:04,Fatigued
2025-06-19 10:07:04,Fatigued
2025-06-19 10:07:04,Fatigued
2025-06-19 10:07:05,Fatigued
2025-06-19 10:07:05,Fatigued
2025-06-19 10:07:05,Fatigued
2025-06-19 10:07:05,Fatigued
2025-06-19 10:07:05,Fatigued
2025-06-19 10:07:05,Fatigued
2025-06-19 10:07:05,Fatigued
2025-06-19 10:07:05,Fatigued
2025-06-19 10:07:05,Fatigued
2025-06-19 10:07:05,Fatigued
2025-06-19 10:07:05,Fatigued
2025-06-19 10:07:05,Fatigued
2025-06-19 10:07:05,Fatigued
2025-06-19 10:07:05,Fatigued
2025-06-19 10:07:05,Fatigued
2025-06-19 10:07:05,Fatigued
2025-06-19 10:07:05,Fatigued
2025-06-19 10:07:05,Fatigued
2025-06-19 10:07:05,Fatigued
2025-06-19 10:07:05,Fatigued
2025-06-19 10:07:05,Fatigued
2025-06-19 10:07:05,Fatigued
2025-06-19 10:07:05,Fatigued
2025-06-19 10:07:05,Fatigued
2025-06-19 10:07:05,Fatigued
2025-06-19 10:07:06,Fatigued
2025-06-19 10:07:06,Fatigued
2025-06-19 10:07:06,Fatigued
2025-06-19 10:07:06,Fatigued
2025-06-19 10:07:06,Fatigued
2025-06-19 10:07:06,Fatigued
2025-06-19 10:07:06,Fatigued
2025-06-19 10:07:06,Fatigued
2025-06-19 10:07:06,Fatigued
2025-06-19 10:07:06,Fatigued
2025-06-19 10:07:06,Fatigued
2025-06-19 10:07:06,Fatigued
2025-06-19 10:07:06,Fatigued
2025-06-19 10:07:06,Fatigued
2025-06-19 10:07:06,Fatigued
2025-06-19 10:07:06,Fatigued
2025-06-19 10:07:06,Fatigued
2025-06-19 10:07:06,Fatigued
2025-06-19 10:07:06,Fatigued
2025-06-19 10:07:06,Fatigued
2025-06-19 10:07:06,Fatigued
2025-06-19 10:07:06,Fatigued
2025-06-19 10:07:06,Fatigued
2025-06-19 10:07:06,Fatigued
2025-06-19 10:07:06,Fatigued
2025-06-19 10:07:06,Fatigued
2025-06-19 10:07:06,Fatigued
2025-06-19 10:07:06,Alert
2025-06-19 10:07:06,Alert
2025-06-19 10:07:07,Alert
2025-06-19 10:07:07,Alert
2025-06-19 10:07:07,Alert
2025-06-19 10:07:07,Alert
2025-06-19 10:07:07,Alert
2025-06-19 10:07:07,Alert
2025-06-19 10:07:07,Alert
2025-06-19 10:07:07,Alert
2025-06-19 10:07:07,Alert
2025-06-19 10:07:07,Alert
2025-06-19 10:07:07,Alert
2025-06-19 10:07:07,Alert
2025-06-19 10:07:07,Alert
2025-06-19 10:07:07,Alert
2025-06-19 10:07:07,Alert
2025-06-19 10:07:07,Alert
2025-06-19 10:07:07,Alert
2025-06-19 10:07:07,Alert
2025-06-19 10:07:07,Alert
2025-06-19 10:07:07,Alert
2025-06-19 10:07:07,Alert
2025-06-19 10:07:07,Alert
2025-06-19 10:07:07,Alert
2025-06-19 10:07:07,Alert
2025-06-19 10:07:07,Alert
2025-06-19 10:07:07,Alert
2025-06-19 10:07:07,Alert
2025-06-19 10:07:07,Alert
2025-06-19 10:07:08,Alert
2025-06-19 10:07:08,Alert
2025-06-19 10:07:08,Alert
2025-06-19 10:07:08,Alert
2025-06-19 10:07:08,Alert
2025-06-19 10:07:08,Alert
2025-06-19 10:07:08,Fatigued
2025-06-19 10:07:08,Fatigued
2025-06-19 10:07:08,Fatigued
2025-06-19 10:07:08,Fatigued
2025-06-19 10:07:08,Fatigued
2025-06-19 10:07:08,Fatigued
2025-06-19 10:07:08,Fatigued
2025-06-19 10:07:08,Fatigued
2025-06-19 10:07:08,Fatigued
2025-06-19 10:07:08,Fatigued
2025-06-19 10:07:08,Fatigued
2025-06-19 10:07:08,Alert
2025-06-19 10:07:08,Alert
2025-06-19 10:07:08,Alert
2025-06-19 10:07:08,Alert
2025-06-19 10:07:08,Alert
2025-06-19 10:07:08,Alert
2025-06-19 10:07:08,Alert
2025-06-19 10:07:08,Alert
2025-06-19 10:07:08,Alert
2025-06-19 10:07:09,Alert
2025-06-19 10:07:09,Alert
2025-06-19 10:07:09,Alert
2025-06-19 10:07:09,Alert
2025-06-19 10:07:09,Alert
2025-06-19 10:07:09,Alert
2025-06-19 10:07:09,Alert
2025-06-19 10:07:09,Alert
2025-06-19 10:07:09,Alert
2025-06-19 10:07:09,Alert
2025-06-19 10:07:09,Alert
2025-06-19 10:07:09,Alert
2025-06-19 10:07:09,Alert
2025-06-19 10:07:09,Alert
2025-06-19 10:07:09,Alert
2025-06-19 10:07:09,Alert
2025-06-19 10:07:09,Alert
2025-06-19 10:07:09,Alert
2025-06-19 10:07:09,Alert
2025-06-19 10:07:09,Alert
2025-06-19 10:07:09,Alert
2025-06-19 10:07:09,Alert
2025-06-19 10:07:09,Alert
2025-06-19 10:07:09,Alert
2025-06-19 10:07:10,Alert
2025-06-19 10:07:10,Alert
2025-06-19 10:07:10,Alert
2025-06-19 10:07:10,Alert
2025-06-19 10:07:10,Alert
2025-06-19 10:07:10,Alert
2025-06-19 10:07:10,Alert
2025-06-19 10:07:10,Alert
2025-06-19 10:07:10,Alert
2025-06-19 10:07:10,Alert
2025-06-19 10:07:10,Alert
2025-06-19 10:07:10,Alert
2025-06-19 10:07:10,Alert
2025-06-19 10:07:10,Alert
2025-06-19 10:07:10,Alert
2025-06-19 10:07:10,Alert
2025-06-19 10:07:10,Alert
2025-06-19 10:07:10,Alert
2025-06-19 10:07:10,Alert
2025-06-19 10:07:10,Alert
2025-06-19 10:07:10,Alert
2025-06-19 10:07:10,Alert
2025-06-19 10:07:10,Alert
2025-06-19 10:07:10,Alert
2025-06-19 10:07:10,Alert
2025-06-19 10:07:10,Alert
2025-06-19 10:07:10,Alert
2025-06-19 10:07:11,Alert
2025-06-19 10:07:11,Alert
2025-06-19 10:07:11,Alert
2025-06-19 10:07:11,Alert
2025-06-19 10:07:11,Alert
2025-06-19 10:07:11,Alert
2025-06-19 10:07:11,Alert
2025-06-19 10:07:11,Alert
2025-06-19 10:07:11,Alert
2025-06-19 10:07:11,Alert
2025-06-19 10:07:11,Alert
2025-06-19 10:07:11,Alert
2025-06-19 10:07:11,Alert
2025-06-19 10:07:11,Alert
2025-06-19 10:07:11,Alert
2025-06-19 10:07:11,Alert
2025-06-19 10:07:11,Alert
2025-06-19 10:07:11,Alert
2025-06-19 10:07:11,Alert
2025-06-19 10:07:11,Alert
2025-06-19 10:07:11,Alert
2025-06-19 10:07:11,Alert
2025-06-19 10:07:11,Alert
2025-06-19 10:07:11,Alert
2025-06-19 10:07:11,Alert
2025-06-19 10:07:11,Alert
2025-06-19 10:07:12,Alert
2025-06-19 10:07:12,Alert
2025-06-19 10:07:12,Alert
2025-06-19 10:07:12,Alert
2025-06-19 10:07:12,Alert
2025-06-19 10:07:12,Alert
2025-06-19 10:07:12,Alert
2025-06-19 10:07:12,Alert
2025-06-19 10:07:12,Alert
2025-06-19 10:07:12,Alert
2025-06-19 10:07:12,Alert
2025-06-19 10:07:12,Alert
2025-06-19 10:07:12,Alert
2025-06-19 10:07:12,Alert
2025-06-19 10:07:12,Alert
2025-06-19 10:07:12,Alert
2025-06-19 10:07:12,Alert
2025-06-19 10:07:12,Alert
2025-06-19 10:07:12,Alert
2025-06-19 10:07:12,Alert
2025-06-19 10:07:12,Alert
2025-06-19 10:07:12,Alert
2025-06-19 10:07:12,Alert
2025-06-19 10:07:12,Alert
2025-06-19 10:07:12,Alert
2025-06-19 10:07:12,Alert
2025-06-19 10:07:12,Alert
2025-06-19 10:07:13,Alert
2025-06-19 10:07:13,Alert
2025-06-19 10:07:13,Alert
2025-06-19 10:07:13,Alert
2025-06-19 10:07:13,Alert
2025-06-19 10:07:13,Alert
2025-06-19 10:07:13,Alert
2025-06-19 10:07:13,Alert
2025-06-19 10:07:13,Alert
2025-06-19 10:07:13,Alert
2025-06-19 10:07:13,Alert
2025-06-19 10:07:13,Alert
2025-06-19 10:07:13,Alert
2025-06-19 10:07:13,Alert
2025-06-19 10:07:13,Alert
2025-06-19 10:07:13,Alert
2025-06-19 10:07:13,Alert
2025-06-19 10:07:13,Alert
2025-06-19 10:07:13,Alert
2025-06-19 10:07:13,Alert
2025-06-19 10:07:13,Alert
2025-06-19 10:07:13,Alert
2025-06-19 10:07:13,Alert
2025-06-19 10:07:13,Alert
2025-06-19 10:07:13,Alert
2025-06-19 10:07:13,Alert
2025-06-19 10:07:14,Alert
2025-06-19 10:07:14,Alert
2025-06-19 10:07:14,Alert
2025-06-19 10:07:14,Alert
2025-06-19 10:07:14,Alert
2025-06-19 10:07:14,Alert
2025-06-19 10:07:14,Alert
2025-06-19 10:07:14,Alert
2025-06-19 10:07:14,Alert
2025-06-19 10:07:14,Alert
2025-06-19 10:07:14,Alert
2025-06-19 10:07:14,Alert
2025-06-19 10:07:14,Alert
2025-06-19 10:07:14,Alert
2025-06-19 10:07:14,Alert
2025-06-19 10:07:14,Alert
2025-06-19 10:07:14,Alert
2025-06-19 10:07:14,Alert
2025-06-19 10:07:14,Fatigued
2025-06-19 10:07:14,Fatigued
2025-06-19 10:07:14,Alert
2025-06-19 10:07:14,Alert
2025-06-19 10:07:14,Alert
2025-06-19 10:07:14,Alert
2025-06-19 10:07:14,Alert
2025-06-19 10:07:14,Alert
2025-06-19 10:07:14,Alert
2025-06-19 10:07:14,Alert
2025-06-19 10:07:14,Alert
2025-06-19 10:07:14,Alert
2025-06-19 10:07:15,Alert
2025-06-19 10:07:15,Alert
2025-06-19 10:07:15,Alert
2025-06-19 10:07:15,Alert
2025-06-19 10:07:15,Alert
2025-06-19 10:07:15,Alert
2025-06-19 10:07:15,Alert
2025-06-19 10:07:15,Alert
2025-06-19 10:07:15,Alert
2025-06-19 10:07:15,Alert
2025-06-19 10:07:15,Alert
2025-06-19 10:07:15,Alert
2025-06-19 10:07:15,Alert
2025-06-19 10:07:15,Alert
2025-06-19 10:07:15,Alert
2025-06-19 10:07:15,Alert
2025-06-19 10:07:15,Alert
2025-06-19 10:07:16,Alert
2025-06-19 10:07:16,Alert
2025-06-19 10:07:16,Alert
2025-06-19 10:07:16,Alert
2025-06-19 10:07:16,Alert
2025-06-19 10:07:16,Alert
2025-06-19 10:07:16,Alert
2025-06-19 10:07:16,Alert
2025-06-19 10:07:16,Alert
2025-06-19 10:07:16,Alert
2025-06-19 10:07:16,Alert
2025-06-19 10:07:16,Alert
2025-06-19 10:07:16,Alert
2025-06-19 10:07:16,Alert
2025-06-19 10:07:16,Alert
2025-06-19 10:07:16,Alert
2025-06-19 10:07:16,Alert
2025-06-19 10:07:16,Alert
2025-06-19 10:07:16,Alert
2025-06-19 10:07:16,Alert
2025-06-19 10:07:16,Alert
2025-06-19 10:07:16,Alert
2025-06-19 10:07:16,Alert
2025-06-19 10:07:16,Alert
2025-06-19 10:07:16,Alert
2025-06-19 10:07:16,Alert
2025-06-19 10:07:16,Alert
2025-06-19 10:07:16,Alert
2025-06-19 10:07:16,Alert
2025-06-19 10:07:17,Alert
2025-06-19 10:07:17,Alert
2025-06-19 10:07:17,Alert
2025-06-19 10:07:17,Alert
2025-06-19 10:07:17,Alert
2025-06-19 10:07:17,Alert
2025-06-19 10:07:17,Alert
2025-06-19 10:07:17,Alert
2025-06-19 10:07:17,Alert
2025-06-19 10:07:17,Alert
2025-06-19 10:07:17,Alert
2025-06-19 10:07:17,Alert
2025-06-19 10:07:17,Alert
2025-06-19 10:07:17,Alert
2025-06-19 10:07:17,Alert
2025-06-19 10:07:17,Alert
2025-06-19 10:07:17,Alert
2025-06-19 10:07:17,Alert
2025-06-19 10:07:17,Alert
2025-06-19 10:07:17,Alert
2025-06-19 10:07:17,Alert
2025-06-19 10:07:17,Alert
2025-06-19 10:07:17,Alert
2025-06-19 10:07:17,Alert
2025-06-19 10:07:17,Alert
2025-06-19 10:07:17,Alert
2025-06-19 10:07:18,Alert
2025-06-19 10:07:18,Alert
2025-06-19 10:07:18,Alert
2025-06-19 10:07:18,Alert
2025-06-19 10:07:18,Alert
2025-06-19 10:07:18,Alert
2025-06-19 10:07:18,Alert
2025-06-19 10:07:18,Fatigued
2025-06-19 10:07:18,Fatigued
2025-06-19 10:07:18,Fatigued
2025-06-19 10:07:18,Fatigued
2025-06-19 10:07:18,Fatigued
2025-06-19 10:07:18,Fatigued
2025-06-19 10:07:18,Fatigued
2025-06-19 10:07:18,Fatigued
2025-06-19 10:07:18,Fatigued
2025-06-19 10:07:18,Fatigued
2025-06-19 10:07:18,Fatigued
2025-06-19 10:07:18,Fatigued
2025-06-19 10:07:18,Fatigued
2025-06-19 10:07:18,Fatigued
2025-06-19 10:07:18,Fatigued
2025-06-19 10:07:18,Fatigued
2025-06-19 10:07:18,Fatigued
2025-06-19 10:07:18,Fatigued
2025-06-19 10:07:18,Fatigued
2025-06-19 10:07:19,Fatigued
2025-06-19 10:07:19,Fatigued
2025-06-19 10:07:19,Fatigued
2025-06-19 10:07:19,Fatigued
2025-06-19 10:07:19,Fatigued
2025-06-19 10:07:19,Fatigued
2025-06-19 10:07:19,Fatigued
2025-06-19 10:07:19,Fatigued
2025-06-19 10:07:19,Fatigued
2025-06-19 10:07:19,Fatigued
2025-06-19 10:07:19,Fatigued
2025-06-19 10:07:19,Fatigued
2025-06-19 10:07:19,Fatigued
2025-06-19 10:07:19,Fatigued
2025-06-19 10:07:19,Fatigued
2025-06-19 10:07:19,Fatigued
2025-06-19 10:07:19,Fatigued
2025-06-19 10:07:19,Fatigued
2025-06-19 10:07:19,Fatigued
2025-06-19 10:07:19,Fatigued
2025-06-19 10:07:19,Fatigued
2025-06-19 10:07:19,Fatigued
2025-06-19 10:07:19,Fatigued
2025-06-19 10:07:19,Fatigued
2025-06-19 10:07:19,Fatigued
2025-06-19 10:07:19,Fatigued
2025-06-19 10:07:19,Fatigued
2025-06-19 10:07:20,Fatigued
2025-06-19 10:07:20,Fatigued
2025-06-19 10:07:20,Alert
2025-06-19 10:07:20,Alert
2025-06-19 10:07:20,Alert
2025-06-19 10:07:20,Alert
2025-06-19 10:07:20,Alert
2025-06-19 10:07:20,Alert
2025-06-19 10:07:20,Alert
2025-06-19 10:07:20,Alert
2025-06-19 10:07:20,Alert
2025-06-19 10:07:20,Alert
2025-06-19 10:07:20,Alert
2025-06-19 10:07:20,Alert
2025-06-19 10:07:20,Alert
2025-06-19 10:07:20,Alert
2025-06-19 10:07:20,Alert
2025-06-19 10:07:20,Alert
2025-06-19 10:07:20,Alert
2025-06-19 10:07:20,Alert
2025-06-19 10:07:21,Alert
2025-06-19 10:07:21,Alert
2025-06-19 10:07:21,Alert
2025-06-19 10:07:21,Alert
2025-06-19 10:07:21,Alert
2025-06-19 10:07:21,Fatigued
2025-06-19 10:07:21,Fatigued
2025-06-19 10:07:21,Fatigued
2025-06-19 10:07:21,Fatigued
2025-06-19 10:07:21,Fatigued
2025-06-19 10:07:21,Fatigued
2025-06-19 10:07:21,Fatigued
2025-06-19 10:07:21,Fatigued
2025-06-19 10:07:21,Fatigued
2025-06-19 10:07:21,Fatigued
2025-06-19 10:07:21,Fatigued
2025-06-19 10:07:21,Fatigued
2025-06-19 10:07:21,Fatigued
2025-06-19 10:07:21,Fatigued
2025-06-19 10:07:21,Fatigued
2025-06-19 10:07:21,Fatigued
2025-06-19 10:07:21,Fatigued
2025-06-19 10:07:21,Fatigued
2025-06-19 10:07:21,Fatigued
2025-06-19 10:07:21,Fatigued
2025-06-19 10:07:21,Fatigued
2025-06-19 10:07:22,Fatigued
2025-06-19 10:07:22,Fatigued
2025-06-19 10:07:22,Fatigued
2025-06-19 10:07:22,Fatigued
2025-06-19 10:07:22,Fatigued
2025-06-19 10:07:22,Fatigued
2025-06-19 10:07:22,Fatigued
2025-06-19 10:07:22,Fatigued
2025-06-19 10:07:22,Fatigued
2025-06-19 10:07:22,Fatigued
2025-06-19 10:07:22,Fatigued
2025-06-19 10:07:22,Fatigued
2025-06-19 10:07:22,Fatigued
2025-06-19 10:07:22,Fatigued
2025-06-19 10:07:22,Fatigued
2025-06-19 10:07:22,Fatigued
2025-06-19 10:07:22,Fatigued
2025-06-19 10:07:22,Fatigued
2025-06-19 10:07:22,Fatigued
2025-06-19 10:07:22,Fatigued
2025-06-19 10:07:22,Fatigued
2025-06-19 10:07:22,Fatigued
2025-06-19 10:07:22,Fatigued
2025-06-19 10:07:22,Fatigued
2025-06-19 10:07:22,Fatigued
2025-06-19 10:07:22,Fatigued
2025-06-19 10:07:22,Fatigued
2025-06-19 10:07:23,Fatigued
2025-06-19 10:07:23,Fatigued
2025-06-19 10:07:23,Fatigued
2025-06-19 10:07:23,Fatigued
2025-06-19 10:07:23,Fatigued
2025-06-19 10:07:23,Fatigued
2025-06-19 10:07:23,Fatigued
2025-06-19 10:07:23,Fatigued
2025-06-19 10:07:23,Fatigued
2025-06-19 10:07:23,Fatigued
2025-06-19 10:07:23,Fatigued
2025-06-19 10:07:23,Fatigued
2025-06-19 10:07:23,Fatigued
2025-06-19 10:07:23,Fatigued
2025-06-19 10:07:23,Fatigued
2025-06-19 10:07:23,Fatigued
2025-06-19 10:07:23,Fatigued
2025-06-19 10:07:23,Fatigued
2025-06-19 10:07:23,Fatigued
2025-06-19 10:07:23,Alert
2025-06-19 10:07:23,Alert
2025-06-19 10:07:23,Alert
2025-06-19 10:07:23,Alert
2025-06-19 10:07:23,Alert
2025-06-19 10:07:23,Alert
2025-06-19 10:07:23,Alert
2025-06-19 10:07:23,Alert
2025-06-19 10:07:23,Alert
2025-06-19 10:07:24,Alert
2025-06-19 10:07:24,Alert
2025-06-19 10:07:24,Alert
2025-06-19 10:07:24,Alert
2025-06-19 10:07:24,Alert
2025-06-19 10:07:24,Alert
2025-06-19 10:07:24,Alert
2025-06-19 10:07:24,Alert
2025-06-19 10:07:24,Alert
2025-06-19 10:07:24,Alert
2025-06-19 10:07:24,Alert
2025-06-19 10:07:24,Alert
2025-06-19 10:07:24,Alert
2025-06-19 10:07:24,Alert
2025-06-19 10:07:24,Alert
2025-06-19 10:07:24,Alert
2025-06-19 10:07:24,Alert
2025-06-19 10:07:24,Alert
2025-06-19 10:07:24,Alert
2025-06-19 10:07:24,Alert
2025-06-19 10:07:24,Alert
2025-06-19 10:07:24,Alert
2025-06-19 10:07:24,Alert
2025-06-19 10:07:25,Alert
2025-06-19 10:07:25,Alert
2025-06-19 10:07:25,Fatigued
2025-06-19 10:07:25,Fatigued
2025-06-19 10:07:25,Fatigued
2025-06-19 10:07:25,Fatigued
2025-06-19 10:07:25,Alert
2025-06-19 10:07:25,Alert
2025-06-19 10:07:25,Alert
2025-06-19 10:07:25,Alert
2025-06-19 10:07:25,Alert
2025-06-19 10:07:25,Alert
2025-06-19 10:07:25,Alert
2025-06-19 10:07:25,Alert
2025-06-19 10:07:25,Alert
2025-06-19 10:07:25,Alert
2025-06-19 10:07:25,Alert
2025-06-19 10:07:25,Alert
2025-06-19 10:07:25,Alert
2025-06-19 10:07:25,Alert
2025-06-19 10:07:25,Alert
2025-06-19 10:07:25,Alert
2025-06-19 10:07:25,Alert
2025-06-19 10:07:26,Alert
2025-06-19 10:07:26,Alert
2025-06-19 10:07:26,Alert
2025-06-19 10:07:26,Alert
2025-06-19 10:07:26,Fatigued
2025-06-19 10:07:26,Fatigued
2025-06-19 10:07:26,Fatigued
2025-06-19 10:07:26,Fatigued
2025-06-19 10:07:26,Fatigued
2025-06-19 10:07:26,Alert
2025-06-19 10:07:26,Alert
2025-06-19 10:07:26,Alert
2025-06-19 10:07:26,Alert
2025-06-19 10:07:26,Alert
2025-06-19 10:07:26,Alert
2025-06-19 10:07:26,Alert
2025-06-19 10:07:26,Alert
2025-06-19 10:07:26,Alert
2025-06-19 10:07:26,Alert
2025-06-19 10:07:26,Alert
2025-06-19 10:07:26,Alert
2025-06-19 10:07:26,Alert
2025-06-19 10:07:26,Alert
2025-06-19 10:07:26,Alert
2025-06-19 10:07:26,Alert
2025-06-19 10:07:26,Alert
2025-06-19 10:07:26,Alert
2025-06-19 10:07:27,Alert
2025-06-19 10:07:27,Alert
2025-06-19 10:07:27,Alert
2025-06-19 10:07:27,Alert
2025-06-19 10:07:27,Alert
2025-06-19 10:07:27,Alert
2025-06-19 10:07:27,Alert
2025-06-19 10:07:27,Alert
2025-06-19 10:07:27,Alert
2025-06-19 10:07:27,Alert
2025-06-19 10:07:27,Alert
2025-06-19 10:07:27,Alert
2025-06-19 10:07:27,Alert
2025-06-19 10:07:27,Alert
2025-06-19 10:07:27,Alert
2025-06-19 10:07:27,Alert
2025-06-19 10:07:27,Alert
2025-06-19 10:07:27,Alert
2025-06-19 10:07:27,Alert
2025-06-19 10:07:27,Alert
2025-06-19 10:07:27,Alert
2025-06-19 10:07:27,Alert
2025-06-19 10:07:27,Alert
2025-06-19 10:07:27,Alert
2025-06-19 10:07:27,Alert
2025-06-19 10:07:27,Alert
2025-06-19 10:07:28,Alert
2025-06-19 10:07:28,Alert
2025-06-19 10:07:28,Alert
2025-06-19 10:07:28,Alert
2025-06-19 10:07:28,Alert
2025-06-19 10:07:28,Alert
2025-06-19 10:07:28,Alert
2025-06-19 10:07:28,Alert
2025-06-19 10:07:28,Alert
2025-06-19 10:07:28,Alert
2025-06-19 10:07:28,Alert
2025-06-19 10:07:28,Alert
2025-06-19 10:07:28,Alert
2025-06-19 10:07:28,Alert
2025-06-19 10:07:28,Alert
2025-06-19 10:07:28,Alert
2025-06-19 10:07:28,Alert
2025-06-19 10:07:28,Alert
2025-06-19 10:07:28,Alert
2025-06-19 10:07:28,Alert
2025-06-19 10:07:28,Alert
2025-06-19 10:07:28,Alert
2025-06-19 10:07:28,Alert
2025-06-19 10:07:29,Alert
2025-06-19 10:07:29,Alert
2025-06-19 10:07:29,Fatigued
2025-06-19 10:07:29,Fatigued
2025-06-19 10:07:29,Fatigued
2025-06-19 10:07:29,Fatigued
2025-06-19 10:07:29,Fatigued
2025-06-19 10:07:29,Fatigued
2025-06-19 10:07:29,Fatigued
2025-06-19 10:07:29,Fatigued
2025-06-19 10:07:29,Fatigued
2025-06-19 10:07:29,Fatigued
2025-06-19 10:07:29,Fatigued
2025-06-19 10:07:29,Fatigued
2025-06-19 10:07:29,Fatigued
2025-06-19 10:07:29,Fatigued
2025-06-19 10:07:29,Fatigued
2025-06-19 10:07:29,Fatigued
2025-06-19 10:07:29,Fatigued
2025-06-19 10:07:29,Fatigued
2025-06-19 10:07:29,Fatigued
2025-06-19 10:07:29,Fatigued
2025-06-19 10:07:29,Alert
2025-06-19 10:07:29,Alert
2025-06-19 10:07:29,Alert
2025-06-19 10:07:30,Alert
2025-06-19 10:07:30,Alert
2025-06-19 10:07:30,Alert
2025-06-19 10:07:30,Alert
2025-06-19 10:07:30,Alert
2025-06-19 10:07:30,Alert
2025-06-19 10:07:30,Alert
2025-06-19 10:07:30,Alert
2025-06-19 10:07:30,Alert
2025-06-19 10:07:30,Alert
2025-06-19 10:07:30,Alert
2025-06-19 10:07:30,Alert
2025-06-19 10:07:30,Fatigued
2025-06-19 10:07:30,Fatigued
2025-06-19 10:07:30,Fatigued
2025-06-19 10:07:30,Fatigued
2025-06-19 10:07:30,Fatigued
2025-06-19 10:07:30,Fatigued
2025-06-19 10:07:30,Fatigued
2025-06-19 10:07:30,Fatigued
2025-06-19 10:07:30,Fatigued
2025-06-19 10:07:30,Fatigued
2025-06-19 10:07:30,Fatigued
2025-06-19 10:07:30,Fatigued
2025-06-19 10:07:30,Fatigued
2025-06-19 10:07:30,Fatigued
2025-06-19 10:07:30,Fatigued
2025-06-19 10:07:30,Fatigued
2025-06-19 10:07:30,Fatigued
2025-06-19 10:07:31,Fatigued
2025-06-19 10:07:31,Fatigued
2025-06-19 10:07:31,Fatigued
2025-06-19 10:07:31,Fatigued
2025-06-19 10:07:31,Fatigued
2025-06-19 10:07:31,Fatigued
2025-06-19 10:07:31,Fatigued
2025-06-19 10:07:31,Fatigued
2025-06-19 10:07:31,Fatigued
2025-06-19 10:07:31,Fatigued
2025-06-19 10:07:31,Fatigued
2025-06-19 10:07:31,Fatigued
2025-06-19 10:07:31,Fatigued
2025-06-19 10:07:31,Fatigued
2025-06-19 10:07:31,Fatigued
2025-06-19 10:07:31,Fatigued
2025-06-19 10:07:31,Fatigued
2025-06-19 10:07:31,Fatigued
2025-06-19 10:07:31,Fatigued
2025-06-19 10:07:31,Fatigued
2025-06-19 10:07:31,Fatigued
2025-06-19 10:07:31,Fatigued
2025-06-19 10:07:31,Fatigued
2025-06-19 10:07:31,Fatigued
2025-06-19 10:07:31,Fatigued
2025-06-19 10:07:31,Fatigued
2025-06-19 10:07:31,Fatigued
2025-06-19 10:07:31,Fatigued
2025-06-19 10:07:31,Fatigued
2025-06-19 10:07:32,Fatigued
2025-06-19 10:07:32,Fatigued
2025-06-19 10:07:32,Fatigued
2025-06-19 10:07:32,Fatigued
2025-06-19 10:07:32,Fatigued
2025-06-19 10:07:32,Fatigued
2025-06-19 10:07:32,Fatigued
2025-06-19 10:07:32,Fatigued
2025-06-19 10:07:32,Fatigued
2025-06-19 10:07:32,Fatigued
2025-06-19 10:07:32,Fatigued
2025-06-19 10:07:32,Fatigued
2025-06-19 10:07:32,Fatigued
2025-06-19 10:07:32,Fatigued
2025-06-19 10:07:32,Fatigued
2025-06-19 10:07:32,Fatigued
2025-06-19 10:07:32,Fatigued
2025-06-19 10:07:32,Fatigued
2025-06-19 10:07:32,Fatigued
2025-06-19 10:07:32,Fatigued
2025-06-19 10:07:32,Fatigued
2025-06-19 10:07:32,Fatigued
2025-06-19 10:07:32,Fatigued
2025-06-19 10:07:32,Fatigued
2025-06-19 10:07:32,Fatigued
2025-06-19 10:07:32,Fatigued
2025-06-19 10:07:32,Fatigued
2025-06-19 10:07:32,Fatigued
2025-06-19 10:07:32,Fatigued
2025-06-19 10:07:33,Fatigued
2025-06-19 10:07:33,Fatigued
2025-06-19 10:07:33,Fatigued
2025-06-19 10:07:33,Fatigued
2025-06-19 10:07:33,Fatigued
2025-06-19 10:07:33,Fatigued
2025-06-19 10:07:33,Fatigued
2025-06-19 10:07:33,Fatigued
2025-06-19 10:07:33,Fatigued
2025-06-19 10:07:33,Fatigued
2025-06-19 10:07:33,Fatigued
2025-06-19 10:07:33,Fatigued
2025-06-19 10:07:33,Fatigued
2025-06-19 10:07:33,Fatigued
2025-06-19 10:07:33,Fatigued
2025-06-19 10:07:33,Fatigued
2025-06-19 10:07:33,Fatigued
2025-06-19 10:07:33,Fatigued
2025-06-19 10:07:33,Fatigued
2025-06-19 10:07:33,Fatigued
2025-06-19 10:07:33,Fatigued
2025-06-19 10:07:33,Fatigued
2025-06-19 10:07:33,Fatigued
2025-06-19 10:07:33,Fatigued
2025-06-19 10:07:33,Fatigued
2025-06-19 10:07:33,Fatigued
2025-06-19 10:07:33,Fatigued
2025-06-19 10:07:33,Fatigued
2025-06-19 10:07:33,Fatigued
2025-06-19 10:07:33,Fatigued
2025-06-19 10:07:34,Fatigued
2025-06-19 10:07:34,Fatigued
2025-06-19 10:07:34,Alert
2025-06-19 10:42:17,Alert
2025-06-19 10:42:17,Alert
2025-06-19 10:42:17,Alert
2025-06-19 10:42:17,Alert
2025-06-19 10:42:17,Alert
2025-06-19 10:42:17,Alert
2025-06-19 10:42:17,Alert
2025-06-19 10:42:17,Alert
2025-06-19 10:42:18,Alert
2025-06-19 10:42:18,Alert
2025-06-19 10:42:18,Alert
2025-06-19 10:42:18,Alert
2025-06-19 10:42:18,Alert
2025-06-19 10:42:18,Alert
2025-06-19 10:42:18,Alert
2025-06-19 10:42:18,Alert
2025-06-19 10:42:18,Alert
2025-06-19 10:42:18,Alert
2025-06-19 10:42:18,Alert
2025-06-19 10:42:18,Alert
2025-06-19 10:42:18,Alert
2025-06-19 10:42:18,Alert
2025-06-19 10:42:18,Alert
2025-06-19 10:42:18,Alert
2025-06-19 10:42:18,Alert
2025-06-19 10:42:18,Alert
2025-06-19 10:42:18,Alert
2025-06-19 10:42:18,Alert
2025-06-19 10:42:18,Alert
2025-06-19 10:42:18,Alert
2025-06-19 10:42:18,Alert
2025-06-19 10:42:18,Alert
2025-06-19 10:42:18,Alert
2025-06-19 10:42:18,Alert
2025-06-19 10:42:18,Alert
2025-06-19 10:42:18,Alert
2025-06-19 10:42:18,Alert
2025-06-19 10:42:18,Alert
2025-06-19 10:42:19,Alert
2025-06-19 10:42:19,Alert
2025-06-19 10:42:19,Alert
2025-06-19 10:42:19,Alert
2025-06-19 10:42:19,Alert
2025-06-19 10:42:19,Alert
2025-06-19 10:42:19,Alert
2025-06-19 10:42:19,Alert
2025-06-19 10:42:19,Alert
2025-06-19 10:42:19,Alert
2025-06-19 10:42:19,Alert
2025-06-19 10:42:19,Alert
2025-06-19 10:42:19,Alert
2025-06-19 10:42:19,Alert
2025-06-19 10:42:19,Alert
2025-06-19 10:42:19,Alert
2025-06-19 10:42:19,Alert
2025-06-19 10:42:19,Alert
2025-06-19 10:42:19,Alert
2025-06-19 10:42:19,Alert
2025-06-19 10:42:19,Alert
2025-06-19 10:42:19,Alert
2025-06-19 10:42:19,Alert
2025-06-19 10:42:19,Alert
2025-06-19 10:42:19,Alert
2025-06-19 10:42:19,Alert
2025-06-19 10:42:19,Alert
2025-06-19 10:42:19,Alert
2025-06-19 10:42:19,Alert
2025-06-19 10:42:19,Alert
2025-06-19 10:42:20,Alert
2025-06-19 10:42:20,Alert
2025-06-19 10:42:20,Alert
2025-06-19 10:42:20,Alert
2025-06-19 10:42:20,Alert
2025-06-19 10:42:20,Alert
2025-06-19 10:42:20,Alert
2025-06-19 10:42:20,Alert
2025-06-19 10:42:20,Alert
2025-06-19 10:42:20,Alert
2025-06-19 10:42:20,Alert
2025-06-19 10:42:20,Alert
2025-06-19 10:42:20,Alert
2025-06-19 10:42:20,Alert
2025-06-19 10:42:20,Alert
2025-06-19 10:42:20,Alert
2025-06-19 10:42:20,Alert
2025-06-19 10:42:20,Alert
2025-06-19 10:42:20,Alert
2025-06-19 10:42:20,Alert
2025-06-19 10:42:20,Alert
2025-06-19 10:42:20,Alert
2025-06-19 10:42:20,Alert
2025-06-19 10:42:20,Alert
2025-06-19 10:42:20,Alert
2025-06-19 10:42:20,Alert
2025-06-19 10:42:20,Alert
2025-06-19 10:42:20,Alert
2025-06-19 10:42:21,Alert
2025-06-19 10:42:21,Alert
2025-06-19 10:42:21,Alert
2025-06-19 10:42:21,Alert
2025-06-19 10:42:21,Alert
2025-06-19 10:42:21,Alert
2025-06-19 10:42:21,Alert
2025-06-19 10:42:21,Alert
2025-06-19 10:42:21,Alert
2025-06-19 10:42:21,Alert
2025-06-19 10:42:21,Alert
2025-06-19 10:42:21,Alert
2025-06-19 10:42:21,Alert
2025-06-19 10:42:21,Alert
2025-06-19 10:42:21,Alert
2025-06-19 10:42:21,Alert
2025-06-19 10:42:21,Alert
2025-06-19 10:42:21,Alert
2025-06-19 10:42:21,Alert
2025-06-19 10:42:21,Alert
2025-06-19 10:42:21,Alert
2025-06-19 10:42:21,Alert
2025-06-19 10:42:21,Alert
2025-06-19 10:42:22,Alert
2025-06-19 10:42:22,Alert
2025-06-19 10:42:22,Alert
2025-06-19 10:42:22,Alert
2025-06-19 10:42:22,Alert
2025-06-19 10:42:22,Alert
2025-06-19 10:42:22,Alert
2025-06-19 10:42:22,Alert
2025-06-19 10:42:22,Alert
2025-06-19 10:42:22,Alert
2025-06-19 10:42:22,Alert
2025-06-19 10:42:22,Alert
2025-06-19 10:42:22,Alert
2025-06-19 10:42:22,Alert
2025-06-19 10:42:22,Alert
2025-06-19 10:42:22,Alert
2025-06-19 10:42:22,Alert
2025-06-19 10:42:22,Alert
2025-06-19 10:42:22,Alert
2025-06-19 10:42:22,Alert
2025-06-19 10:42:22,Alert
2025-06-19 10:42:22,Alert
2025-06-19 10:42:22,Alert
2025-06-19 10:42:22,Alert
2025-06-19 10:42:22,Alert
2025-06-19 10:42:22,Alert
2025-06-19 10:42:22,Alert
2025-06-19 10:42:23,Alert
2025-06-19 10:42:23,Alert
2025-06-19 10:42:23,Alert
2025-06-19 10:42:23,Alert
2025-06-19 10:42:23,Alert
2025-06-19 10:42:23,Alert
2025-06-19 10:42:23,Alert
2025-06-19 10:42:23,Alert
2025-06-19 10:42:23,Alert
2025-06-19 10:42:23,Alert
2025-06-19 10:42:23,Alert
2025-06-19 10:42:23,Alert
2025-06-19 10:42:23,Alert
2025-06-19 10:42:23,Alert
2025-06-19 10:42:23,Alert
2025-06-19 10:42:23,Alert
2025-06-19 10:42:23,Alert
2025-06-19 10:42:23,Fatigued
2025-06-19 10:42:23,Fatigued
2025-06-19 10:42:23,Fatigued
2025-06-19 10:42:23,Fatigued
2025-06-19 10:42:23,Fatigued
2025-06-19 10:42:23,Fatigued
2025-06-19 10:42:23,Fatigued
2025-06-19 10:42:23,Fatigued
2025-06-19 10:42:23,Fatigued
2025-06-19 10:42:23,Fatigued
2025-06-19 10:42:23,Fatigued
2025-06-19 10:42:24,Fatigued
2025-06-19 10:42:24,Fatigued
2025-06-19 10:42:24,Fatigued
2025-06-19 10:42:24,Alert
2025-06-19 10:42:24,Alert
2025-06-19 10:42:24,Alert
2025-06-19 10:42:24,Alert
2025-06-19 10:42:24,Alert
2025-06-19 10:42:24,Alert
2025-06-19 10:42:24,Alert
2025-06-19 10:42:24,Alert
2025-06-19 10:42:24,Alert
2025-06-19 10:42:24,Alert
2025-06-19 10:42:24,Alert
2025-06-19 10:42:24,Alert
2025-06-19 10:42:24,Alert
2025-06-19 10:42:24,Alert
2025-06-19 10:42:24,Alert
2025-06-19 10:42:24,Alert
2025-06-19 10:42:24,Alert
2025-06-19 10:42:24,Alert
2025-06-19 10:42:24,Alert
2025-06-19 10:42:24,Alert
2025-06-19 10:42:24,Alert
2025-06-19 10:42:24,Alert
2025-06-19 10:42:25,Alert
2025-06-19 10:42:25,Alert
2025-06-19 10:42:25,Alert
2025-06-19 10:42:25,Alert
2025-06-19 10:42:25,Alert
2025-06-19 10:42:25,Alert
2025-06-19 10:42:25,Alert
2025-06-19 10:42:25,Alert
2025-06-19 10:42:25,Alert
2025-06-19 10:42:25,Alert
2025-06-19 10:42:25,Alert
2025-06-19 10:42:25,Alert
2025-06-19 10:42:25,Alert
2025-06-19 10:42:25,Alert
2025-06-19 10:42:25,Alert
2025-06-19 10:42:25,Alert
2025-06-19 10:42:25,Alert
2025-06-19 10:42:25,Alert
2025-06-19 10:42:25,Alert
2025-06-19 10:42:25,Alert
2025-06-19 10:42:25,Alert
2025-06-19 10:42:25,Alert
2025-06-19 10:42:25,Alert
2025-06-19 10:42:25,Alert
2025-06-19 10:42:25,Alert
2025-06-19 10:42:25,Alert
2025-06-19 10:42:26,Alert
2025-06-19 10:42:26,Alert
2025-06-19 10:42:26,Alert
2025-06-19 10:42:26,Alert
2025-06-19 10:42:26,Alert
2025-06-19 10:42:26,Alert
2025-06-19 10:42:26,Alert
2025-06-19 10:42:26,Alert
2025-06-19 10:42:26,Alert
2025-06-19 10:42:26,Alert
2025-06-19 10:42:26,Alert
2025-06-19 10:42:26,Alert
2025-06-19 10:42:26,Alert
2025-06-19 10:42:26,Alert
2025-06-19 10:42:26,Alert
2025-06-19 10:42:26,Alert
2025-06-19 10:42:26,Alert
2025-06-19 10:42:26,Alert
2025-06-19 10:42:26,Alert
2025-06-19 10:42:26,Alert
2025-06-19 10:42:26,Alert
2025-06-19 10:42:26,Fatigued
2025-06-19 10:42:26,Alert
2025-06-19 10:42:26,Alert
2025-06-19 10:42:26,Alert
2025-06-19 10:42:26,Alert
2025-06-19 10:42:26,Alert
2025-06-19 10:42:26,Alert
2025-06-19 10:42:27,Alert
2025-06-19 10:42:27,Alert
2025-06-19 10:42:27,Alert
2025-06-19 10:42:27,Alert
2025-06-19 10:42:27,Alert
2025-06-19 10:42:27,Alert
2025-06-19 10:42:27,Alert
2025-06-19 10:42:27,Alert
2025-06-19 10:42:27,Alert
2025-06-19 10:42:27,Alert
2025-06-19 10:42:27,Alert
2025-06-19 10:42:27,Fatigued
2025-06-19 10:42:27,Fatigued
2025-06-19 10:42:27,Fatigued
2025-06-19 10:42:27,Fatigued
2025-06-19 10:42:27,Fatigued
2025-06-19 10:42:27,Fatigued
2025-06-19 10:42:27,Fatigued
2025-06-19 10:42:27,Fatigued
2025-06-19 10:42:27,Fatigued
2025-06-19 10:42:27,Fatigued
2025-06-19 10:42:27,Fatigued
2025-06-19 10:42:27,Fatigued
2025-06-19 10:42:27,Fatigued
2025-06-19 10:42:27,Fatigued
2025-06-19 10:42:27,Fatigued
2025-06-19 10:42:27,Fatigued
2025-06-19 10:42:27,Fatigued
2025-06-19 10:42:27,Fatigued
2025-06-19 10:42:28,Fatigued
2025-06-19 10:42:28,Fatigued
2025-06-19 10:42:28,Fatigued
2025-06-19 10:42:28,Fatigued
2025-06-19 10:42:28,Fatigued
2025-06-19 10:42:28,Fatigued
2025-06-19 10:42:28,Fatigued
2025-06-19 10:42:28,Fatigued
2025-06-19 10:42:28,Fatigued
2025-06-19 10:42:28,Fatigued
2025-06-19 10:42:28,Fatigued
2025-06-19 10:42:28,Fatigued
2025-06-19 10:42:28,Fatigued
2025-06-19 10:42:28,Fatigued
2025-06-19 10:42:28,Fatigued
2025-06-19 10:42:28,Fatigued
2025-06-19 10:42:28,Fatigued
2025-06-19 10:42:28,Fatigued
2025-06-19 10:42:28,Fatigued
2025-06-19 10:42:28,Fatigued
2025-06-19 10:42:28,Fatigued
2025-06-19 10:42:28,Fatigued
2025-06-19 10:42:28,Fatigued
2025-06-19 10:42:28,Fatigued
2025-06-19 10:42:28,Fatigued
2025-06-19 10:42:28,Fatigued
2025-06-19 10:42:28,Fatigued
2025-06-19 10:42:28,Fatigued
2025-06-19 10:42:28,Fatigued
2025-06-19 10:42:28,Fatigued
2025-06-19 10:42:29,Fatigued
2025-06-19 10:42:29,Fatigued
2025-06-19 10:42:29,Fatigued
2025-06-19 10:42:29,Fatigued
2025-06-19 10:42:29,Fatigued
2025-06-19 10:42:29,Fatigued
2025-06-19 10:42:29,Fatigued
2025-06-19 10:42:29,Fatigued
2025-06-19 10:42:29,Fatigued
2025-06-19 10:42:29,Fatigued
2025-06-19 10:42:29,Fatigued
2025-06-19 10:42:29,Fatigued
2025-06-19 10:42:29,Fatigued
2025-06-19 10:42:29,Fatigued
2025-06-19 10:42:29,Fatigued
2025-06-19 10:42:29,Fatigued
2025-06-19 10:55:17,emotion,None
2025-06-19 10:55:17,fatigue,No face
2025-06-19 10:55:18,fatigue,Alert
2025-06-19 10:55:26,fatigue,Fatigued
2025-06-19 10:55:27,fatigue,Alert
2025-06-19 10:55:39,fatigue,No face
2025-06-19 10:55:39,fatigue,Alert
2025-06-19 10:55:40,fatigue,No face
2025-06-19 10:55:40,fatigue,Alert
2025-06-19 10:55:40,fatigue,No face
2025-06-19 10:55:40,fatigue,Alert
2025-06-19 10:55:40,fatigue,No face
2025-06-19 10:55:40,fatigue,Alert
2025-06-19 10:55:41,fatigue,No face
2025-06-19 10:55:41,fatigue,Alert
2025-06-19 10:55:41,fatigue,No face
2025-06-19 10:55:41,fatigue,Alert
2025-06-19 10:55:41,fatigue,No face
2025-06-19 10:55:41,fatigue,Alert
2025-06-19 10:55:42,fatigue,No face
2025-06-19 10:55:42,fatigue,Alert
2025-06-19 10:55:42,fatigue,No face
2025-06-19 10:55:42,fatigue,Alert
2025-06-19 10:55:43,fatigue,No face
2025-06-19 10:55:43,fatigue,Alert
2025-06-19 10:55:43,fatigue,No face
2025-06-19 10:55:44,fatigue,Alert
2025-06-19 10:55:44,fatigue,No face
2025-06-19 10:55:44,fatigue,Alert
2025-06-19 10:55:44,fatigue,No face
2025-06-19 10:55:47,fatigue,Alert
2025-06-19 10:55:49,fatigue,Fatigued
