2025-06-18 00:17:17,Alert
2025-06-18 00:17:17,Alert
2025-06-18 00:17:17,Alert
2025-06-18 00:17:17,Alert
2025-06-18 00:17:17,Alert
2025-06-18 00:17:17,Alert
2025-06-18 00:17:17,Alert
2025-06-18 00:17:17,Alert
2025-06-18 00:17:17,Alert
2025-06-18 00:17:17,Alert
2025-06-18 00:17:17,Alert
2025-06-18 00:17:17,Alert
2025-06-18 00:17:17,Alert
2025-06-18 00:17:17,Alert
2025-06-18 00:17:17,Alert
2025-06-18 00:17:18,Alert
2025-06-18 00:17:18,Alert
2025-06-18 00:17:18,Alert
2025-06-18 00:17:18,Alert
2025-06-18 00:17:18,Alert
2025-06-18 00:17:18,Alert
2025-06-18 00:17:18,Alert
2025-06-18 00:17:18,Alert
2025-06-18 00:17:18,Alert
2025-06-18 00:17:18,Alert
2025-06-18 00:17:18,Alert
2025-06-18 00:17:18,Fatigued
2025-06-18 00:17:18,Fatigued
2025-06-18 00:17:18,Fatigued
2025-06-18 00:17:18,Fatigued
2025-06-18 00:17:18,Fatigued
2025-06-18 00:17:18,Fatigued
2025-06-18 00:17:18,Fatigued
2025-06-18 00:17:18,Fatigued
2025-06-18 00:17:18,Fatigued
2025-06-18 00:17:18,Fatigued
2025-06-18 00:17:18,Alert
2025-06-18 00:17:18,Alert
2025-06-18 00:17:18,Alert
2025-06-18 00:17:18,Alert
2025-06-18 00:17:18,Alert
2025-06-18 00:17:18,Alert
2025-06-18 00:17:18,Alert
2025-06-18 00:17:18,Alert
2025-06-18 00:17:19,Alert
2025-06-18 00:17:19,Alert
2025-06-18 00:17:19,Alert
2025-06-18 00:17:19,Alert
2025-06-18 00:17:19,Alert
2025-06-18 00:17:19,Alert
2025-06-18 00:17:19,Alert
2025-06-18 00:17:19,Alert
2025-06-18 00:17:19,Alert
2025-06-18 00:17:19,Alert
2025-06-18 00:17:19,Alert
2025-06-18 00:17:19,Alert
2025-06-18 00:17:19,Alert
2025-06-18 00:17:19,Alert
2025-06-18 00:17:19,Alert
2025-06-18 00:17:19,Alert
2025-06-18 00:17:19,Alert
2025-06-18 00:17:19,Alert
2025-06-18 00:17:19,Alert
2025-06-18 00:17:19,Alert
2025-06-18 00:17:19,Alert
2025-06-18 00:17:19,Alert
2025-06-18 00:17:19,Alert
2025-06-18 00:17:19,Alert
2025-06-18 00:17:19,Alert
2025-06-18 00:17:19,Alert
2025-06-18 00:17:19,Alert
2025-06-18 00:17:19,Alert
2025-06-18 00:17:19,Alert
2025-06-18 00:17:20,Alert
2025-06-18 00:17:20,Alert
2025-06-18 00:17:20,Alert
2025-06-18 00:17:20,Alert
2025-06-18 00:17:20,Alert
2025-06-18 00:17:20,Alert
2025-06-18 00:17:20,Alert
2025-06-18 00:17:20,Alert
2025-06-18 00:17:20,Alert
2025-06-18 00:17:20,Alert
2025-06-18 00:17:20,Alert
2025-06-18 00:17:20,Fatigued
2025-06-18 00:17:20,Fatigued
2025-06-18 00:17:20,Fatigued
2025-06-18 00:17:20,Fatigued
2025-06-18 00:17:20,Fatigued
2025-06-18 00:17:20,Fatigued
2025-06-18 00:17:20,Fatigued
2025-06-18 00:17:20,Fatigued
2025-06-18 00:17:20,Fatigued
2025-06-18 00:17:20,Fatigued
2025-06-18 00:17:20,Fatigued
2025-06-18 00:17:20,Fatigued
2025-06-18 00:17:20,Fatigued
2025-06-18 00:17:20,Fatigued
2025-06-18 00:17:20,Fatigued
2025-06-18 00:17:20,Fatigued
2025-06-18 00:17:20,Fatigued
2025-06-18 00:17:20,Fatigued
2025-06-18 00:17:20,Fatigued
2025-06-18 00:17:20,Fatigued
2025-06-18 00:17:21,Fatigued
2025-06-18 00:17:21,Fatigued
2025-06-18 00:17:21,Fatigued
2025-06-18 00:17:21,Fatigued
2025-06-18 00:17:21,Fatigued
2025-06-18 00:17:21,Fatigued
2025-06-18 00:17:21,Fatigued
2025-06-18 00:17:21,Fatigued
2025-06-18 00:17:21,Fatigued
2025-06-18 00:17:21,Fatigued
2025-06-18 00:17:21,Fatigued
2025-06-18 00:17:21,Fatigued
2025-06-18 00:17:21,Fatigued
2025-06-18 00:17:21,Fatigued
2025-06-18 00:17:21,Fatigued
2025-06-18 00:17:21,Fatigued
2025-06-18 00:17:21,Fatigued
2025-06-18 00:17:21,Fatigued
2025-06-18 00:17:21,Fatigued
2025-06-18 00:17:21,Fatigued
2025-06-18 00:17:21,Fatigued
2025-06-18 00:17:21,Fatigued
2025-06-18 00:17:21,Fatigued
2025-06-18 00:17:21,Fatigued
2025-06-18 00:17:21,Fatigued
2025-06-18 00:17:21,Fatigued
2025-06-18 00:17:21,Fatigued
2025-06-18 00:17:21,Fatigued
2025-06-18 00:17:21,Fatigued
2025-06-18 00:17:22,Fatigued
2025-06-18 00:17:22,Fatigued
2025-06-18 00:17:22,Fatigued
2025-06-18 00:17:22,Fatigued
2025-06-18 00:17:22,Fatigued
2025-06-18 00:17:22,Fatigued
2025-06-18 00:17:22,Fatigued
2025-06-18 00:17:22,Fatigued
2025-06-18 00:17:22,Fatigued
2025-06-18 00:17:22,Fatigued
2025-06-18 00:17:22,Fatigued
2025-06-18 00:17:22,Fatigued
2025-06-18 00:17:22,Fatigued
2025-06-18 00:17:22,Fatigued
2025-06-18 00:17:22,Fatigued
2025-06-18 00:17:22,Fatigued
2025-06-18 00:17:22,Fatigued
2025-06-18 00:17:22,Fatigued
2025-06-18 00:17:22,Fatigued
2025-06-18 00:17:22,Fatigued
2025-06-18 00:17:22,Fatigued
2025-06-18 00:17:22,Fatigued
2025-06-18 00:17:22,Fatigued
2025-06-18 00:17:22,Fatigued
2025-06-18 00:17:22,Fatigued
2025-06-18 00:17:22,Fatigued
2025-06-18 00:17:22,Fatigued
2025-06-18 00:17:22,Fatigued
2025-06-18 00:17:22,Fatigued
2025-06-18 00:17:22,Alert
2025-06-18 00:17:23,Alert
2025-06-18 00:17:23,Alert
2025-06-18 00:17:23,Alert
2025-06-18 00:17:23,Alert
2025-06-18 00:17:23,Alert
2025-06-18 00:17:23,Alert
2025-06-18 00:17:23,Alert
2025-06-18 00:17:23,Alert
2025-06-18 00:17:23,Alert
2025-06-18 00:17:23,Alert
2025-06-18 00:17:23,Alert
2025-06-18 00:17:23,Alert
2025-06-18 00:17:23,Alert
2025-06-18 00:17:23,Alert
2025-06-18 00:17:23,Alert
2025-06-18 00:17:23,Alert
2025-06-18 00:17:23,Alert
2025-06-18 00:17:23,Alert
2025-06-18 00:17:23,Alert
2025-06-18 00:17:23,Alert
2025-06-18 00:17:23,Alert
2025-06-18 00:17:23,Alert
2025-06-18 00:17:23,Alert
2025-06-18 00:17:23,Alert
2025-06-18 00:17:23,Alert
2025-06-18 00:17:23,Alert
2025-06-18 00:17:23,Alert
2025-06-18 00:17:23,Alert
2025-06-18 00:17:23,Alert
2025-06-18 00:17:23,Alert
2025-06-18 00:17:24,Alert
2025-06-18 00:17:24,Alert
2025-06-18 00:17:24,Alert
2025-06-18 00:17:24,Alert
2025-06-18 00:17:24,Alert
2025-06-18 00:17:24,Alert
2025-06-18 00:17:24,Alert
2025-06-18 00:17:24,Alert
2025-06-18 00:17:24,Alert
2025-06-18 00:17:24,Alert
2025-06-18 00:17:24,Alert
2025-06-18 00:17:24,Alert
2025-06-18 00:17:24,Alert
2025-06-18 00:17:24,Alert
2025-06-18 00:17:24,Alert
2025-06-18 00:17:24,Alert
2025-06-18 00:17:24,Alert
2025-06-18 00:17:24,Alert
2025-06-18 00:17:24,Alert
2025-06-18 00:17:24,Alert
2025-06-18 00:17:24,Alert
2025-06-18 00:17:24,Alert
2025-06-18 00:17:24,Alert
2025-06-18 00:17:24,Fatigued
2025-06-18 00:17:24,Fatigued
2025-06-18 00:17:24,Fatigued
2025-06-18 00:17:24,Fatigued
2025-06-18 00:17:24,Fatigued
2025-06-18 00:17:24,Fatigued
2025-06-18 00:17:24,Fatigued
2025-06-18 00:17:25,Fatigued
2025-06-18 00:17:25,Alert
2025-06-18 00:17:25,Alert
2025-06-18 00:17:25,Alert
2025-06-18 00:17:25,Alert
2025-06-18 00:17:25,Alert
2025-06-18 00:17:25,Alert
2025-06-18 00:17:25,Alert
2025-06-18 00:17:25,Alert
2025-06-18 00:17:25,Alert
2025-06-18 00:17:25,Alert
2025-06-18 00:17:25,Alert
2025-06-18 00:17:25,Alert
2025-06-18 00:17:25,Alert
2025-06-18 00:17:25,Alert
2025-06-18 00:17:25,Alert
2025-06-18 00:17:25,Alert
2025-06-18 00:17:25,Alert
2025-06-18 00:17:25,Alert
2025-06-18 00:17:25,Alert
2025-06-18 00:17:25,Alert
2025-06-18 00:17:25,Alert
2025-06-18 00:17:25,Alert
2025-06-18 00:17:25,Alert
2025-06-18 00:17:25,Alert
2025-06-18 00:17:25,Alert
2025-06-18 00:17:25,Alert
2025-06-18 00:17:25,Alert
2025-06-18 00:17:25,Alert
2025-06-18 00:17:25,Alert
2025-06-18 00:17:26,Alert
2025-06-18 00:17:26,Alert
2025-06-18 00:17:26,Alert
2025-06-18 00:17:26,Alert
2025-06-18 00:17:26,Alert
2025-06-18 00:17:26,Alert
2025-06-18 00:17:26,Alert
2025-06-18 00:17:26,Alert
2025-06-18 00:17:26,Alert
2025-06-18 00:17:26,Alert
2025-06-18 00:17:26,Alert
2025-06-18 00:17:26,Alert
2025-06-18 00:17:26,Alert
2025-06-18 00:17:26,Alert
2025-06-18 00:17:26,Fatigued
2025-06-18 00:17:26,Fatigued
2025-06-18 00:17:26,Fatigued
2025-06-18 00:17:26,Fatigued
2025-06-18 00:17:26,Fatigued
2025-06-18 00:17:26,Fatigued
2025-06-18 00:17:26,Fatigued
2025-06-18 00:17:26,Fatigued
2025-06-18 00:17:26,Fatigued
2025-06-18 00:17:26,Fatigued
2025-06-18 00:17:26,Fatigued
2025-06-18 00:17:26,Fatigued
2025-06-18 00:17:26,Fatigued
2025-06-18 00:17:26,Fatigued
2025-06-18 00:17:26,Fatigued
2025-06-18 00:17:26,Fatigued
2025-06-18 00:17:27,Alert
2025-06-18 00:17:27,Alert
2025-06-18 00:17:27,Alert
2025-06-18 00:17:27,Alert
2025-06-18 00:17:27,Alert
2025-06-18 00:17:27,Alert
2025-06-18 00:17:27,Alert
2025-06-18 00:17:27,Alert
2025-06-18 00:17:27,Alert
2025-06-18 00:17:27,Alert
2025-06-18 00:17:27,Alert
2025-06-18 00:17:27,Alert
2025-06-18 00:17:27,Alert
2025-06-18 00:17:27,Alert
2025-06-18 00:17:27,Alert
2025-06-18 00:17:27,Alert
2025-06-18 00:17:27,Alert
2025-06-18 00:17:27,Alert
2025-06-18 00:17:27,Alert
2025-06-18 00:17:27,Alert
2025-06-18 00:17:27,Alert
2025-06-18 00:17:27,Alert
2025-06-18 00:17:27,Alert
2025-06-18 00:17:27,Alert
2025-06-18 00:17:27,Alert
2025-06-18 00:17:27,Alert
2025-06-18 00:17:27,Alert
2025-06-18 00:17:27,Alert
2025-06-18 00:17:27,Alert
2025-06-18 00:17:27,Alert
2025-06-18 00:17:28,Alert
2025-06-18 00:17:28,Alert
2025-06-18 00:17:28,Alert
2025-06-18 00:17:28,Alert
2025-06-18 00:17:28,Alert
2025-06-18 00:17:28,Alert
2025-06-18 00:17:28,Alert
2025-06-18 00:17:28,Alert
2025-06-18 00:17:28,Alert
2025-06-18 00:17:28,Alert
2025-06-18 00:17:28,Fatigued
2025-06-18 00:17:28,Fatigued
2025-06-18 00:17:28,Fatigued
2025-06-18 00:17:28,Fatigued
2025-06-18 00:17:28,Fatigued
2025-06-18 00:17:28,Fatigued
2025-06-18 00:17:28,Fatigued
2025-06-18 00:17:28,Fatigued
2025-06-18 00:17:28,Fatigued
2025-06-18 00:17:28,Alert
2025-06-18 00:17:28,Alert
2025-06-18 00:17:28,Alert
2025-06-18 00:17:28,Alert
2025-06-18 00:17:28,Alert
2025-06-18 00:17:28,Alert
2025-06-18 00:17:28,Alert
2025-06-18 00:17:28,Alert
2025-06-18 00:17:28,Alert
2025-06-18 00:17:29,Alert
2025-06-18 00:17:29,Alert
2025-06-18 00:17:29,Alert
2025-06-18 00:17:29,Alert
2025-06-18 00:17:29,Alert
2025-06-18 00:17:29,Alert
2025-06-18 00:17:29,Alert
2025-06-18 00:17:29,Alert
2025-06-18 00:17:29,Alert
2025-06-18 00:17:29,Alert
2025-06-18 00:17:29,Alert
2025-06-18 00:17:29,Fatigued
2025-06-18 00:17:29,Fatigued
2025-06-18 00:17:29,Fatigued
2025-06-18 00:17:29,Fatigued
2025-06-18 00:17:29,Fatigued
2025-06-18 00:17:29,Fatigued
2025-06-18 00:17:29,Fatigued
2025-06-18 00:17:29,Fatigued
2025-06-18 00:17:29,Fatigued
2025-06-18 00:17:29,Fatigued
2025-06-18 00:17:29,Fatigued
2025-06-18 00:17:29,Fatigued
2025-06-18 00:17:29,Fatigued
2025-06-18 00:17:29,Fatigued
2025-06-18 00:17:29,Fatigued
2025-06-18 00:17:29,Fatigued
2025-06-18 00:17:29,Fatigued
2025-06-18 00:17:29,Fatigued
2025-06-18 00:17:29,Fatigued
2025-06-18 00:17:30,Fatigued
2025-06-18 00:17:30,Fatigued
2025-06-18 00:17:30,Fatigued
2025-06-18 00:17:30,Fatigued
2025-06-18 00:17:30,Fatigued
2025-06-18 00:17:30,Fatigued
2025-06-18 00:17:30,Fatigued
2025-06-18 00:17:30,Fatigued
2025-06-18 00:17:30,Fatigued
2025-06-18 00:17:30,Fatigued
2025-06-18 00:17:30,Fatigued
2025-06-18 00:17:30,Fatigued
2025-06-18 00:17:30,Fatigued
2025-06-18 00:17:30,Fatigued
2025-06-18 00:17:30,Fatigued
2025-06-18 00:17:30,Fatigued
2025-06-18 00:17:30,Fatigued
2025-06-18 00:17:30,Fatigued
2025-06-18 00:17:30,Fatigued
2025-06-18 00:17:30,Fatigued
2025-06-18 00:17:30,Fatigued
2025-06-18 00:17:30,Fatigued
2025-06-18 00:17:30,Alert
2025-06-18 00:17:30,Alert
2025-06-18 00:17:30,Alert
2025-06-18 00:17:30,Alert
2025-06-18 00:17:30,Alert
2025-06-18 00:17:30,Alert
2025-06-18 00:17:30,Alert
2025-06-18 00:17:30,Alert
2025-06-18 00:17:31,Alert
2025-06-18 15:21:59,Alert
2025-06-18 15:21:59,Alert
2025-06-18 15:21:59,Alert
2025-06-18 15:21:59,Alert
2025-06-18 15:21:59,Alert
2025-06-18 15:21:59,Alert
2025-06-18 15:21:59,Alert
2025-06-18 15:22:00,Alert
2025-06-18 15:22:00,Alert
2025-06-18 15:22:00,Alert
2025-06-18 15:22:00,Alert
2025-06-18 15:22:00,Alert
2025-06-18 15:22:00,Alert
2025-06-18 15:22:00,Alert
2025-06-18 15:22:00,Fatigued
2025-06-18 15:22:00,Fatigued
2025-06-18 15:22:00,Fatigued
2025-06-18 15:22:00,Fatigued
2025-06-18 15:22:00,Fatigued
2025-06-18 15:22:00,Fatigued
2025-06-18 15:22:00,Fatigued
2025-06-18 15:22:00,Fatigued
2025-06-18 15:22:00,Fatigued
2025-06-18 15:22:00,Fatigued
2025-06-18 15:22:00,Fatigued
2025-06-18 15:22:00,Alert
2025-06-18 15:22:00,Alert
2025-06-18 15:22:00,Alert
2025-06-18 15:22:01,Alert
2025-06-18 15:22:01,Alert
2025-06-18 15:22:01,Alert
2025-06-18 15:22:01,Alert
2025-06-18 15:22:01,Alert
2025-06-18 15:22:01,Alert
2025-06-18 15:22:01,Alert
2025-06-18 15:22:01,Alert
2025-06-18 15:22:01,Alert
2025-06-18 15:22:01,Alert
2025-06-18 15:22:01,Alert
2025-06-18 15:22:01,Alert
2025-06-18 15:22:01,Alert
2025-06-18 15:22:01,Alert
2025-06-18 15:22:01,Alert
2025-06-18 15:22:01,Alert
2025-06-18 15:22:01,Alert
2025-06-18 15:22:01,Alert
2025-06-18 15:22:01,Alert
2025-06-18 15:22:01,Alert
2025-06-18 15:22:01,Alert
2025-06-18 15:22:01,Alert
2025-06-18 15:22:01,Alert
2025-06-18 15:22:01,Alert
2025-06-18 15:22:01,Fatigued
2025-06-18 15:22:01,Fatigued
2025-06-18 15:22:01,Fatigued
2025-06-18 15:22:01,Fatigued
2025-06-18 15:22:01,Alert
2025-06-18 15:22:01,Alert
2025-06-18 15:22:02,Alert
2025-06-18 15:22:02,Alert
2025-06-18 15:22:02,Alert
2025-06-18 15:22:02,Alert
2025-06-18 15:22:02,Alert
2025-06-18 15:22:02,Alert
2025-06-18 15:22:02,Alert
2025-06-18 15:22:02,Alert
2025-06-18 15:22:02,Alert
2025-06-18 15:22:02,Alert
2025-06-18 15:22:02,Alert
2025-06-18 15:22:02,Alert
2025-06-18 15:22:02,Alert
2025-06-18 15:22:02,Alert
2025-06-18 15:22:02,Alert
2025-06-18 15:22:02,Alert
2025-06-18 15:22:02,Alert
2025-06-18 15:22:02,Alert
2025-06-18 15:22:02,Alert
2025-06-18 15:22:02,Alert
2025-06-18 15:22:02,Alert
2025-06-18 15:22:02,Alert
2025-06-18 15:22:02,Alert
2025-06-18 15:22:02,Alert
2025-06-18 15:22:02,Alert
2025-06-18 15:22:02,Alert
2025-06-18 15:22:02,Alert
2025-06-18 15:22:02,Alert
2025-06-18 15:22:02,Fatigued
2025-06-18 15:22:02,Fatigued
2025-06-18 15:22:03,Fatigued
2025-06-18 15:22:03,Fatigued
2025-06-18 15:22:03,Fatigued
2025-06-18 15:22:03,Fatigued
2025-06-18 15:22:03,Fatigued
2025-06-18 15:22:03,Fatigued
2025-06-18 15:22:03,Fatigued
2025-06-18 15:22:03,Fatigued
2025-06-18 15:22:03,Fatigued
2025-06-18 15:22:03,Fatigued
2025-06-18 15:22:03,Fatigued
2025-06-18 15:22:03,Fatigued
2025-06-18 15:22:03,Fatigued
2025-06-18 15:22:03,Fatigued
2025-06-18 15:22:03,Fatigued
2025-06-18 15:22:03,Fatigued
2025-06-18 15:22:03,Fatigued
2025-06-18 15:22:03,Fatigued
2025-06-18 15:22:03,Fatigued
2025-06-18 15:22:03,Fatigued
2025-06-18 15:22:03,Fatigued
2025-06-18 15:22:03,Fatigued
2025-06-18 15:22:03,Fatigued
2025-06-18 15:22:03,Fatigued
2025-06-18 15:22:03,Fatigued
2025-06-18 15:22:03,Fatigued
2025-06-18 15:22:03,Fatigued
2025-06-18 15:22:03,Fatigued
2025-06-18 15:22:03,Fatigued
2025-06-18 15:22:03,Fatigued
2025-06-18 15:22:04,Fatigued
2025-06-18 15:22:04,Fatigued
2025-06-18 15:22:04,Alert
2025-06-18 15:22:04,Alert
2025-06-18 15:22:04,Alert
2025-06-18 15:22:04,Alert
2025-06-18 15:22:04,Alert
2025-06-18 15:22:04,Alert
2025-06-18 15:22:04,Alert
2025-06-18 15:22:04,Alert
2025-06-18 15:22:04,Alert
2025-06-18 15:22:04,Alert
2025-06-18 15:22:04,Alert
2025-06-18 15:22:04,Alert
2025-06-18 15:22:04,Alert
2025-06-18 15:22:04,Alert
2025-06-18 15:22:04,Alert
2025-06-18 15:22:04,Alert
2025-06-18 15:22:04,Alert
2025-06-18 15:22:04,Alert
2025-06-18 15:22:04,Alert
2025-06-18 15:22:04,Alert
2025-06-18 15:22:04,Alert
2025-06-18 15:22:04,Alert
2025-06-18 15:22:04,Alert
2025-06-18 15:22:04,Alert
2025-06-18 15:22:04,Alert
2025-06-18 15:22:04,Alert
2025-06-18 15:22:04,Alert
2025-06-18 15:22:04,Alert
2025-06-18 15:22:05,Fatigued
2025-06-18 15:22:05,Fatigued
2025-06-18 15:22:05,Fatigued
2025-06-18 15:22:05,Fatigued
2025-06-18 15:22:05,Fatigued
2025-06-18 15:22:05,Fatigued
2025-06-18 15:22:05,Fatigued
2025-06-18 15:22:05,Fatigued
2025-06-18 15:22:05,Fatigued
2025-06-18 15:22:05,Fatigued
2025-06-18 15:22:05,Fatigued
2025-06-18 15:22:05,Fatigued
2025-06-18 15:22:05,Fatigued
2025-06-18 15:22:05,Fatigued
2025-06-18 15:22:05,Fatigued
2025-06-18 15:22:05,Fatigued
2025-06-18 15:22:05,Alert
2025-06-18 15:22:05,Alert
2025-06-18 15:22:05,Alert
2025-06-18 15:22:05,Alert
2025-06-18 15:22:05,Alert
2025-06-18 15:22:05,Alert
2025-06-18 15:22:05,Alert
2025-06-18 15:22:05,Alert
2025-06-18 15:22:05,Alert
2025-06-18 15:22:05,Alert
2025-06-18 15:22:05,Alert
2025-06-18 15:22:05,Alert
2025-06-18 15:22:05,Alert
2025-06-18 15:22:06,Alert
2025-06-18 15:22:06,Alert
2025-06-18 15:22:06,Alert
2025-06-18 15:22:06,Alert
2025-06-18 15:22:06,Alert
2025-06-18 15:22:06,Alert
2025-06-18 15:22:06,Alert
2025-06-18 15:22:06,Alert
2025-06-18 15:22:06,Alert
2025-06-18 15:22:06,Alert
2025-06-18 15:22:06,Alert
2025-06-18 15:22:06,Alert
2025-06-18 15:22:06,Alert
2025-06-18 15:22:06,Alert
2025-06-18 15:22:06,Alert
2025-06-18 15:22:06,Alert
2025-06-18 15:22:06,Alert
2025-06-18 15:22:06,Alert
2025-06-18 15:22:06,Alert
2025-06-18 15:22:06,Fatigued
2025-06-18 15:22:06,Fatigued
2025-06-18 15:22:06,Fatigued
2025-06-18 15:22:06,Fatigued
2025-06-18 15:22:06,Fatigued
2025-06-18 15:22:06,Fatigued
2025-06-18 15:22:06,Fatigued
2025-06-18 15:22:06,Fatigued
2025-06-18 15:22:06,Fatigued
2025-06-18 15:22:06,Fatigued
2025-06-18 15:22:06,Fatigued
2025-06-18 15:22:07,Fatigued
2025-06-18 15:22:07,Alert
2025-06-18 15:22:07,Alert
2025-06-18 15:22:07,Alert
2025-06-18 15:22:07,Alert
2025-06-18 15:22:07,Alert
2025-06-18 15:22:07,Alert
2025-06-18 15:22:07,Alert
2025-06-18 15:22:07,Alert
2025-06-18 15:22:07,Alert
2025-06-18 15:22:07,Alert
2025-06-18 15:22:07,Alert
2025-06-18 15:22:07,Alert
2025-06-18 15:22:07,Alert
2025-06-18 15:22:07,Alert
2025-06-18 15:22:07,Alert
2025-06-18 15:22:07,Alert
2025-06-18 15:22:07,Alert
2025-06-18 15:22:07,Alert
2025-06-18 15:22:07,Alert
2025-06-18 15:22:07,Alert
2025-06-18 15:22:07,Alert
2025-06-18 15:22:07,Alert
2025-06-18 15:22:07,Alert
2025-06-18 15:22:07,Alert
2025-06-18 15:22:07,Alert
2025-06-18 15:22:07,Alert
2025-06-18 15:22:07,Alert
2025-06-18 15:22:07,Alert
2025-06-18 15:22:07,Alert
2025-06-18 15:22:08,Alert
2025-06-18 15:22:08,Alert
2025-06-18 15:22:08,Alert
2025-06-18 15:22:08,Alert
2025-06-18 15:22:08,Alert
2025-06-18 15:22:08,Alert
2025-06-18 15:22:08,Alert
2025-06-18 15:22:08,Alert
2025-06-18 15:22:08,Alert
2025-06-18 15:22:08,Alert
2025-06-18 15:22:08,Alert
2025-06-18 15:22:08,Alert
2025-06-18 15:22:08,Alert
2025-06-18 15:22:08,Alert
2025-06-18 15:22:08,Alert
2025-06-18 15:22:08,Alert
2025-06-18 15:22:08,Alert
2025-06-18 15:22:08,Alert
2025-06-18 15:22:08,Alert
2025-06-18 15:22:08,Alert
2025-06-18 15:22:08,Alert
2025-06-18 15:22:08,Alert
2025-06-18 15:22:08,Alert
2025-06-18 15:22:08,Alert
2025-06-18 15:22:08,Alert
2025-06-18 15:22:08,Alert
2025-06-18 15:22:08,Alert
2025-06-18 15:22:08,Alert
2025-06-18 15:22:08,Fatigued
2025-06-18 15:22:08,Fatigued
2025-06-18 15:22:09,Fatigued
2025-06-18 15:22:09,Fatigued
2025-06-18 15:22:09,Fatigued
2025-06-18 15:22:09,Fatigued
2025-06-18 15:22:09,Fatigued
2025-06-18 15:22:09,Fatigued
2025-06-18 15:22:09,Fatigued
2025-06-18 15:22:09,Fatigued
2025-06-18 15:22:09,Fatigued
2025-06-18 15:22:09,Fatigued
2025-06-18 15:22:09,Fatigued
2025-06-18 15:22:09,Fatigued
2025-06-18 15:22:09,Fatigued
2025-06-18 15:22:09,Fatigued
2025-06-18 15:22:09,Fatigued
2025-06-18 15:22:09,Fatigued
2025-06-18 15:22:09,Fatigued
2025-06-18 15:22:09,Fatigued
2025-06-18 15:22:09,Fatigued
2025-06-18 15:22:09,Fatigued
2025-06-18 15:22:09,Fatigued
2025-06-18 15:22:09,Fatigued
2025-06-18 15:22:09,Fatigued
2025-06-18 15:22:09,Fatigued
2025-06-18 15:22:09,Fatigued
2025-06-18 15:22:09,Fatigued
2025-06-18 15:22:09,Fatigued
2025-06-18 15:22:09,Fatigued
2025-06-18 15:22:09,Fatigued
2025-06-18 15:22:09,Fatigued
2025-06-18 15:22:10,Fatigued
2025-06-18 15:22:10,Fatigued
2025-06-18 15:22:10,Fatigued
2025-06-18 15:22:10,Fatigued
2025-06-18 15:22:10,Fatigued
2025-06-18 15:22:10,Fatigued
2025-06-18 15:22:10,Fatigued
2025-06-18 15:22:10,Fatigued
2025-06-18 15:22:10,Fatigued
2025-06-18 15:22:10,Fatigued
2025-06-18 15:22:10,Fatigued
2025-06-18 15:22:10,Fatigued
2025-06-18 15:22:10,Alert
2025-06-18 15:22:10,Alert
2025-06-18 15:22:10,Alert
2025-06-18 15:22:10,Alert
2025-06-18 15:22:10,Alert
2025-06-18 15:22:10,Alert
2025-06-18 15:22:10,Alert
2025-06-18 15:22:10,Alert
2025-06-18 15:22:10,Alert
2025-06-18 15:22:10,Alert
2025-06-18 15:22:10,Alert
2025-06-18 15:22:10,Alert
2025-06-18 15:22:10,Alert
2025-06-18 15:22:10,Alert
2025-06-18 15:22:10,Alert
2025-06-18 15:22:10,Alert
2025-06-18 15:22:10,Alert
2025-06-18 15:22:10,Alert
2025-06-18 15:22:11,Alert
2025-06-18 15:22:11,Alert
2025-06-18 15:22:11,Alert
2025-06-18 15:22:11,Alert
2025-06-18 15:22:11,Alert
2025-06-18 15:22:11,Alert
2025-06-18 15:22:11,Alert
2025-06-18 15:22:11,Alert
2025-06-18 15:22:11,Alert
2025-06-18 15:22:11,Alert
2025-06-18 15:22:11,Alert
2025-06-18 15:22:11,Alert
2025-06-18 15:22:11,Alert
2025-06-18 15:22:11,Alert
2025-06-18 15:22:11,Alert
2025-06-18 15:22:11,Fatigued
2025-06-18 15:22:11,Fatigued
2025-06-18 15:22:11,Fatigued
2025-06-18 15:22:11,Fatigued
2025-06-18 15:22:11,Fatigued
2025-06-18 15:22:11,Fatigued
2025-06-18 15:22:11,Fatigued
2025-06-18 15:22:11,Fatigued
2025-06-18 15:22:11,Fatigued
2025-06-18 15:22:11,Fatigued
2025-06-18 15:22:11,Fatigued
2025-06-18 15:22:11,Fatigued
2025-06-18 15:22:11,Fatigued
2025-06-18 15:22:11,Fatigued
2025-06-18 15:22:11,Fatigued
2025-06-18 15:22:12,Fatigued
2025-06-18 15:22:12,Fatigued
2025-06-18 15:22:12,Fatigued
2025-06-18 15:22:12,Fatigued
2025-06-18 15:22:12,Fatigued
2025-06-18 15:22:12,Fatigued
2025-06-18 15:22:12,Fatigued
2025-06-18 15:22:12,Fatigued
2025-06-18 15:22:12,Fatigued
2025-06-18 15:22:12,Fatigued
2025-06-18 15:22:12,Fatigued
2025-06-18 15:22:12,Fatigued
2025-06-18 15:22:12,Fatigued
2025-06-18 15:22:12,Fatigued
2025-06-18 15:22:12,Fatigued
2025-06-18 15:22:12,Fatigued
2025-06-18 15:22:12,Fatigued
2025-06-18 15:22:12,Fatigued
2025-06-18 15:22:12,Fatigued
2025-06-18 15:22:12,Fatigued
2025-06-18 15:22:12,Fatigued
2025-06-18 15:22:12,Fatigued
2025-06-18 15:22:12,Fatigued
2025-06-18 15:22:12,Fatigued
2025-06-18 15:22:12,Fatigued
2025-06-18 15:22:12,Fatigued
2025-06-18 15:22:12,Fatigued
2025-06-18 15:22:12,Fatigued
2025-06-18 15:22:12,Fatigued
2025-06-18 15:22:12,Fatigued
2025-06-18 15:22:13,Fatigued
2025-06-18 15:22:13,Fatigued
2025-06-18 15:22:13,Fatigued
2025-06-18 15:22:13,Fatigued
2025-06-18 15:22:13,Fatigued
2025-06-18 15:22:13,Fatigued
2025-06-18 15:22:13,Fatigued
2025-06-18 15:22:13,Fatigued
2025-06-18 15:22:13,Fatigued
2025-06-18 15:22:13,Fatigued
2025-06-18 15:22:13,Fatigued
2025-06-18 15:22:13,Fatigued
2025-06-18 15:22:13,Fatigued
2025-06-18 15:22:13,Fatigued
2025-06-18 15:22:13,Fatigued
2025-06-18 15:22:13,Fatigued
2025-06-18 15:22:13,Fatigued
2025-06-18 15:22:13,Fatigued
2025-06-18 15:22:13,Fatigued
2025-06-18 15:22:13,Fatigued
2025-06-18 15:22:13,Fatigued
2025-06-18 15:22:13,Fatigued
2025-06-18 15:22:13,Fatigued
2025-06-18 15:22:13,Alert
2025-06-18 15:22:13,Alert
2025-06-18 15:22:13,Alert
2025-06-18 15:22:13,Alert
2025-06-18 15:22:13,Alert
2025-06-18 15:22:13,Alert
2025-06-18 15:22:13,Alert
2025-06-18 15:22:14,Alert
2025-06-18 15:22:14,Alert
2025-06-18 15:22:14,Alert
2025-06-18 15:22:14,Alert
2025-06-18 15:22:14,Alert
2025-06-18 15:22:14,Alert
2025-06-18 15:22:14,Alert
2025-06-18 15:22:14,Alert
2025-06-18 15:22:14,Alert
2025-06-18 15:22:14,Alert
2025-06-18 15:22:14,Alert
2025-06-18 15:22:14,Alert
2025-06-18 15:22:14,Alert
2025-06-18 15:22:14,Alert
2025-06-18 15:22:14,Alert
2025-06-18 15:22:14,Alert
2025-06-18 15:22:14,Alert
2025-06-18 15:22:14,Alert
2025-06-18 15:22:14,Alert
2025-06-18 15:22:14,Alert
2025-06-18 15:22:14,Alert
2025-06-18 15:22:14,Alert
2025-06-18 15:22:14,Alert
2025-06-18 15:22:14,Alert
2025-06-18 15:22:14,Alert
2025-06-18 15:22:14,Alert
2025-06-18 15:22:14,Alert
2025-06-18 15:22:14,Alert
2025-06-18 15:22:14,Alert
2025-06-18 15:22:14,Alert
2025-06-18 15:22:15,Alert
2025-06-18 15:22:15,Alert
2025-06-18 15:22:15,Alert
2025-06-18 15:22:15,Alert
2025-06-18 15:22:15,Alert
2025-06-18 15:22:15,Alert
2025-06-18 15:22:15,Alert
2025-06-18 15:22:15,Alert
2025-06-18 15:22:15,Alert
2025-06-18 15:22:15,Alert
2025-06-18 15:22:15,Alert
2025-06-18 15:22:15,Alert
2025-06-18 15:22:15,Alert
2025-06-18 15:22:15,Alert
2025-06-18 15:22:15,Alert
2025-06-18 15:22:15,Alert
2025-06-18 15:22:15,Alert
2025-06-18 15:22:15,Alert
2025-06-18 15:22:15,Alert
2025-06-18 15:22:15,Alert
2025-06-18 15:22:15,Alert
2025-06-18 15:22:15,Alert
2025-06-18 15:22:15,Alert
2025-06-18 15:22:15,Alert
2025-06-18 15:22:15,Alert
2025-06-18 15:22:15,Alert
2025-06-18 15:22:15,Alert
2025-06-18 15:22:15,Alert
2025-06-18 15:22:15,Alert
2025-06-18 15:22:15,Alert
2025-06-18 15:22:16,Alert
2025-06-18 15:22:16,Alert
2025-06-18 15:22:16,Alert
2025-06-18 15:22:16,Alert
2025-06-18 15:22:16,Alert
2025-06-18 15:22:16,Alert
2025-06-18 15:22:16,Alert
2025-06-18 15:22:16,Alert
2025-06-18 15:22:16,Alert
2025-06-18 15:22:16,Alert
2025-06-18 15:22:16,Alert
2025-06-18 15:22:16,Alert
2025-06-18 15:22:16,Alert
2025-06-18 15:22:16,Alert
2025-06-18 15:22:16,Alert
2025-06-18 15:22:16,Alert
2025-06-18 15:22:16,Alert
2025-06-18 15:22:16,Alert
2025-06-18 15:22:16,Alert
2025-06-18 15:22:16,Alert
2025-06-18 15:22:16,Alert
2025-06-18 15:22:16,Alert
2025-06-18 15:22:16,Alert
2025-06-18 15:22:16,Alert
2025-06-18 15:22:16,Alert
2025-06-18 15:22:16,Alert
2025-06-18 15:22:16,Alert
2025-06-18 15:22:16,Alert
2025-06-18 15:22:16,Alert
2025-06-18 15:22:16,Alert
2025-06-18 15:22:17,Alert
2025-06-18 15:22:17,Alert
2025-06-18 15:22:17,Alert
2025-06-18 15:22:17,Alert
2025-06-18 15:22:17,Alert
2025-06-18 15:22:17,Alert
2025-06-18 15:22:17,Alert
2025-06-18 15:22:17,Alert
2025-06-18 15:22:17,Alert
2025-06-18 15:22:17,Alert
2025-06-18 15:22:17,Alert
2025-06-18 15:22:17,Alert
2025-06-18 15:22:17,Alert
2025-06-18 15:22:17,Alert
2025-06-18 15:22:17,Alert
2025-06-18 15:22:17,Alert
2025-06-18 15:22:17,Alert
2025-06-18 15:22:17,Alert
2025-06-18 15:22:17,Alert
2025-06-18 15:22:17,Alert
2025-06-18 15:22:17,Alert
2025-06-18 15:22:17,Alert
2025-06-18 15:22:17,Alert
2025-06-18 15:22:17,Alert
2025-06-18 15:22:17,Alert
2025-06-18 15:22:17,Alert
2025-06-18 15:22:17,Alert
2025-06-18 15:22:17,Alert
2025-06-18 15:22:17,Alert
2025-06-18 15:22:17,Alert
2025-06-18 15:22:18,Alert
2025-06-18 15:22:18,Alert
2025-06-18 15:22:18,Alert
2025-06-18 15:22:18,Alert
2025-06-18 15:22:18,Alert
2025-06-18 15:22:18,Alert
2025-06-18 15:22:18,Alert
2025-06-18 15:22:18,Alert
2025-06-18 15:22:18,Alert
2025-06-18 15:22:18,Alert
2025-06-18 15:22:18,Alert
2025-06-18 15:22:18,Alert
2025-06-18 15:22:18,Alert
2025-06-18 15:22:18,Alert
2025-06-18 15:22:18,Alert
2025-06-18 15:22:18,Alert
2025-06-18 15:22:18,Alert
2025-06-18 15:22:18,Alert
2025-06-18 15:22:18,Alert
2025-06-18 15:22:18,Alert
2025-06-18 15:22:18,Alert
2025-06-18 15:22:18,Alert
2025-06-18 15:22:18,Alert
2025-06-18 15:22:18,Alert
2025-06-18 15:22:18,Alert
2025-06-18 15:22:18,Alert
2025-06-18 15:22:18,Alert
2025-06-18 15:22:18,Alert
2025-06-18 15:22:18,Alert
2025-06-18 15:22:18,Alert
2025-06-18 15:22:19,Alert
2025-06-18 15:22:19,Alert
2025-06-18 15:22:19,Alert
2025-06-18 15:22:19,Alert
2025-06-18 15:22:19,Alert
2025-06-18 15:22:19,Alert
2025-06-18 15:22:19,Alert
2025-06-18 15:22:19,Alert
2025-06-18 15:22:19,Alert
2025-06-18 15:22:19,Alert
2025-06-18 15:22:19,Alert
2025-06-18 15:22:19,Alert
2025-06-18 15:22:19,Alert
2025-06-18 15:22:19,Alert
2025-06-18 15:22:19,Alert
2025-06-18 15:22:19,Alert
2025-06-18 15:22:19,Alert
2025-06-18 15:22:19,Alert
2025-06-18 15:22:19,Alert
2025-06-18 15:22:19,Alert
2025-06-18 15:22:19,Alert
2025-06-18 15:22:19,Alert
2025-06-18 15:22:19,Alert
2025-06-18 15:22:19,Alert
2025-06-18 15:22:19,Alert
2025-06-18 15:22:19,Alert
2025-06-18 15:22:19,Alert
2025-06-18 15:22:19,Alert
2025-06-18 15:22:19,Alert
2025-06-18 15:22:19,Alert
2025-06-18 15:22:20,Alert
2025-06-18 15:22:20,Alert
2025-06-18 15:22:20,Alert
2025-06-18 15:22:20,Alert
2025-06-18 15:22:20,Alert
2025-06-18 15:22:20,Alert
2025-06-18 15:22:20,Alert
2025-06-18 15:22:20,Alert
2025-06-18 15:22:20,Alert
2025-06-18 15:22:20,Alert
2025-06-18 15:22:20,Alert
2025-06-18 15:22:20,Alert
2025-06-18 15:22:20,Alert
2025-06-18 15:22:20,Alert
2025-06-18 15:22:20,Alert
2025-06-18 15:22:20,Alert
2025-06-18 15:22:20,Alert
2025-06-18 15:22:20,Alert
2025-06-18 15:22:20,Alert
2025-06-18 15:22:20,Alert
2025-06-18 15:22:20,Alert
2025-06-18 15:22:20,Alert
2025-06-18 15:22:20,Alert
2025-06-18 15:22:20,Alert
2025-06-18 15:22:20,Alert
2025-06-18 15:22:20,Alert
2025-06-18 15:22:20,Alert
2025-06-18 15:22:20,Alert
2025-06-18 15:22:20,Fatigued
2025-06-18 15:22:21,Fatigued
2025-06-18 15:22:21,Fatigued
2025-06-18 15:22:21,Fatigued
2025-06-18 15:22:21,Fatigued
2025-06-18 15:22:21,Fatigued
2025-06-18 15:22:21,Fatigued
2025-06-18 15:22:21,Fatigued
2025-06-18 15:22:21,Fatigued
2025-06-18 15:22:21,Fatigued
2025-06-18 15:22:21,Fatigued
2025-06-18 15:22:21,Fatigued
2025-06-18 15:22:21,Fatigued
2025-06-18 15:22:21,Fatigued
2025-06-18 15:22:21,Alert
2025-06-18 15:22:21,Alert
2025-06-18 15:22:21,Alert
2025-06-18 15:22:21,Alert
2025-06-18 15:22:21,Alert
2025-06-18 15:22:21,Alert
2025-06-18 15:22:21,Alert
2025-06-18 15:22:21,Alert
2025-06-18 15:22:21,Alert
2025-06-18 15:22:21,Alert
2025-06-18 15:22:21,Alert
2025-06-18 15:22:21,Alert
2025-06-18 15:22:21,Alert
2025-06-18 15:22:21,Alert
2025-06-18 15:22:21,Alert
2025-06-18 15:22:21,Alert
2025-06-18 15:22:21,Alert
2025-06-18 15:22:22,Alert
2025-06-18 15:22:22,Alert
2025-06-18 15:22:22,Alert
2025-06-18 15:22:22,Alert
2025-06-18 15:22:22,Alert
2025-06-18 15:22:22,Alert
2025-06-18 15:22:22,Alert
2025-06-18 15:22:22,Alert
2025-06-18 15:22:22,Alert
2025-06-18 15:22:22,Alert
2025-06-18 15:22:22,Alert
2025-06-18 15:22:22,Alert
2025-06-18 15:22:22,Alert
2025-06-18 15:22:22,Fatigued
2025-06-18 15:22:22,Fatigued
2025-06-18 15:22:22,Fatigued
2025-06-18 15:22:22,Fatigued
2025-06-18 15:22:22,Fatigued
2025-06-18 15:22:22,Fatigued
2025-06-18 15:22:22,Fatigued
2025-06-18 15:22:22,Fatigued
2025-06-18 15:22:22,Fatigued
2025-06-18 15:22:22,Fatigued
2025-06-18 15:22:22,Fatigued
2025-06-18 15:22:22,Fatigued
2025-06-18 15:22:22,Alert
2025-06-18 15:22:22,Alert
2025-06-18 15:22:22,Alert
2025-06-18 15:22:22,Alert
2025-06-18 15:22:22,Alert
2025-06-18 15:22:22,Alert
2025-06-18 15:22:23,Alert
2025-06-18 15:22:23,Alert
2025-06-18 15:22:23,Alert
2025-06-18 15:22:23,Alert
2025-06-18 15:22:23,Alert
2025-06-18 15:22:23,Alert
2025-06-18 15:22:23,Alert
2025-06-18 15:22:23,Alert
2025-06-18 15:22:23,Alert
2025-06-18 15:22:23,Alert
2025-06-18 15:22:23,Alert
2025-06-18 15:22:23,Alert
2025-06-18 15:22:23,Alert
2025-06-18 15:22:23,Alert
2025-06-18 15:22:23,Alert
2025-06-18 15:22:23,Alert
2025-06-18 15:22:23,Alert
2025-06-18 15:22:23,Alert
2025-06-18 15:22:23,Fatigued
2025-06-18 15:22:23,Fatigued
2025-06-18 15:22:23,Fatigued
2025-06-18 15:22:23,Alert
2025-06-18 15:22:23,Alert
2025-06-18 15:22:23,Alert
2025-06-18 15:22:23,Alert
2025-06-18 15:22:23,Alert
2025-06-18 15:22:23,Alert
2025-06-18 15:22:23,Alert
2025-06-18 15:22:23,Alert
2025-06-18 15:22:24,Alert
2025-06-18 15:22:24,Alert
2025-06-18 15:22:24,Alert
2025-06-18 15:22:24,Alert
2025-06-18 15:22:24,Alert
2025-06-18 15:22:24,Alert
2025-06-18 15:22:24,Alert
2025-06-18 15:22:24,Alert
2025-06-18 15:22:24,Alert
2025-06-18 15:22:24,Alert
2025-06-18 15:22:24,Alert
2025-06-18 15:22:24,Alert
2025-06-18 15:22:24,Alert
2025-06-18 15:22:24,Alert
2025-06-18 15:22:24,Alert
2025-06-18 15:22:24,Alert
2025-06-18 15:22:24,Alert
2025-06-18 15:22:24,Alert
2025-06-18 15:22:24,Alert
2025-06-18 15:22:24,Alert
2025-06-18 15:22:24,Alert
2025-06-18 15:22:24,Alert
2025-06-18 15:22:24,Alert
2025-06-18 15:22:24,Alert
2025-06-18 15:22:24,Alert
2025-06-18 15:22:24,Alert
2025-06-18 15:22:24,Alert
2025-06-18 15:22:24,Alert
2025-06-18 15:22:24,Alert
2025-06-18 15:22:24,Fatigued
2025-06-18 15:22:25,Fatigued
2025-06-18 15:22:25,Fatigued
2025-06-18 15:22:25,Fatigued
2025-06-18 15:22:25,Fatigued
2025-06-18 15:22:25,Alert
2025-06-18 15:22:25,Alert
2025-06-18 15:22:25,Alert
2025-06-18 15:22:25,Alert
2025-06-18 15:22:25,Alert
2025-06-18 15:22:25,Alert
2025-06-18 15:22:25,Alert
2025-06-18 15:22:25,Alert
2025-06-18 15:22:25,Alert
2025-06-18 15:22:25,Alert
2025-06-18 15:22:25,Alert
2025-06-18 15:22:25,Alert
2025-06-18 15:22:25,Alert
2025-06-18 15:22:25,Alert
2025-06-18 15:22:25,Alert
2025-06-18 15:22:25,Alert
2025-06-18 15:22:25,Alert
2025-06-18 15:22:25,Alert
2025-06-18 15:22:25,Alert
2025-06-18 15:22:25,Alert
2025-06-18 15:22:25,Alert
2025-06-18 15:22:25,Alert
2025-06-18 15:22:25,Alert
2025-06-18 15:22:25,Alert
2025-06-18 15:22:25,Alert
2025-06-18 15:22:25,Alert
2025-06-18 15:22:26,Alert
2025-06-18 15:22:26,Alert
2025-06-18 15:22:26,Alert
2025-06-18 15:22:26,Alert
2025-06-18 15:22:26,Alert
2025-06-18 15:22:26,Alert
2025-06-18 15:22:26,Alert
2025-06-18 15:22:26,Alert
2025-06-18 15:22:26,Alert
2025-06-18 15:22:26,Alert
2025-06-18 15:22:26,Alert
2025-06-18 15:22:26,Alert
2025-06-18 15:22:26,Alert
2025-06-18 15:22:26,Alert
2025-06-18 15:22:26,Alert
2025-06-18 15:22:26,Alert
2025-06-18 15:22:26,Fatigued
2025-06-18 15:22:26,Fatigued
2025-06-18 15:22:26,Fatigued
2025-06-18 15:22:26,Fatigued
2025-06-18 15:22:26,Fatigued
2025-06-18 15:22:26,Fatigued
2025-06-18 15:22:26,Fatigued
2025-06-18 15:22:26,Fatigued
2025-06-18 15:22:26,Fatigued
2025-06-18 15:22:26,Fatigued
2025-06-18 15:22:26,Fatigued
2025-06-18 15:22:26,Fatigued
2025-06-18 15:22:26,Fatigued
2025-06-18 15:22:26,Fatigued
2025-06-18 15:22:27,Fatigued
2025-06-18 15:22:27,Fatigued
2025-06-18 15:22:27,Fatigued
2025-06-18 15:22:27,Fatigued
2025-06-18 15:22:27,Fatigued
2025-06-18 15:22:27,Fatigued
2025-06-18 15:22:27,Fatigued
2025-06-18 15:22:27,Fatigued
2025-06-18 15:22:27,Fatigued
2025-06-18 15:22:27,Fatigued
2025-06-18 15:22:27,Fatigued
2025-06-18 15:22:27,Fatigued
2025-06-18 15:22:27,Fatigued
2025-06-18 15:22:27,Fatigued
2025-06-18 15:22:27,Fatigued
2025-06-18 15:22:27,Fatigued
2025-06-18 15:22:27,Fatigued
2025-06-18 15:22:27,Fatigued
2025-06-18 15:22:27,Fatigued
2025-06-18 15:22:27,Fatigued
2025-06-18 15:22:27,Fatigued
2025-06-18 15:22:27,Fatigued
2025-06-18 15:22:27,Fatigued
2025-06-18 15:22:27,Fatigued
2025-06-18 15:22:27,Fatigued
2025-06-18 15:22:27,Fatigued
2025-06-18 15:22:27,Fatigued
2025-06-18 15:22:27,Fatigued
2025-06-18 15:22:27,Alert
2025-06-18 15:22:27,Alert
2025-06-18 15:22:28,Alert
2025-06-18 15:22:28,Alert
2025-06-18 15:22:28,Alert
2025-06-18 15:22:28,Alert
2025-06-18 15:22:28,Alert
2025-06-18 15:22:28,Alert
2025-06-18 15:22:28,Alert
2025-06-18 15:22:28,Alert
2025-06-18 15:22:28,Alert
2025-06-18 15:22:28,Alert
2025-06-18 15:22:28,Alert
2025-06-18 15:22:28,Alert
2025-06-18 15:22:28,Alert
2025-06-18 15:22:28,Alert
2025-06-18 15:22:28,Alert
2025-06-18 15:22:28,Alert
2025-06-18 15:22:28,Alert
2025-06-18 15:22:28,Alert
2025-06-18 15:22:28,Alert
2025-06-18 15:22:28,Alert
2025-06-18 15:22:28,Alert
2025-06-18 15:22:28,Alert
2025-06-18 15:22:28,Alert
2025-06-18 15:22:28,Alert
2025-06-18 15:22:28,Alert
2025-06-18 15:22:28,Alert
2025-06-18 15:22:28,Alert
2025-06-18 15:22:28,Alert
2025-06-18 15:22:28,Alert
2025-06-18 15:22:28,Alert
2025-06-18 15:22:29,Alert
2025-06-18 15:22:29,Alert
2025-06-18 15:22:29,Alert
2025-06-18 15:22:29,Alert
2025-06-18 15:22:29,Alert
2025-06-18 15:22:29,Alert
2025-06-18 15:22:29,Alert
2025-06-18 15:22:29,Fatigued
2025-06-18 15:22:29,Fatigued
2025-06-18 15:22:29,Fatigued
2025-06-18 15:22:29,Fatigued
2025-06-18 15:22:29,Fatigued
2025-06-18 15:22:29,Fatigued
2025-06-18 15:22:29,Fatigued
2025-06-18 15:22:29,Fatigued
2025-06-18 15:22:29,Fatigued
2025-06-18 15:22:29,Fatigued
2025-06-18 15:22:29,Fatigued
2025-06-18 15:22:29,Fatigued
2025-06-18 15:22:29,Fatigued
2025-06-18 15:22:29,Fatigued
2025-06-18 15:22:29,Fatigued
2025-06-18 15:22:29,Fatigued
2025-06-18 15:22:29,Fatigued
2025-06-18 15:22:29,Fatigued
2025-06-18 15:22:29,Fatigued
2025-06-18 15:22:29,Fatigued
2025-06-18 15:22:29,Fatigued
2025-06-18 15:22:30,Fatigued
2025-06-18 15:22:30,Fatigued
2025-06-18 15:22:30,Fatigued
2025-06-18 15:22:30,Fatigued
2025-06-18 15:22:30,Fatigued
2025-06-18 15:22:30,Fatigued
2025-06-18 15:22:30,Fatigued
2025-06-18 15:22:30,Fatigued
2025-06-18 15:22:30,Fatigued
2025-06-18 15:22:30,Fatigued
2025-06-18 15:22:30,Fatigued
2025-06-18 15:22:30,Fatigued
2025-06-18 15:22:30,Fatigued
2025-06-18 15:22:30,Fatigued
2025-06-18 15:22:30,Fatigued
2025-06-18 15:22:30,Fatigued
2025-06-18 15:22:30,Fatigued
2025-06-18 15:22:30,Fatigued
2025-06-18 15:22:30,Fatigued
2025-06-18 15:22:30,Fatigued
2025-06-18 15:22:30,Fatigued
2025-06-18 15:22:30,Fatigued
2025-06-18 15:22:30,Fatigued
2025-06-18 15:22:30,Fatigued
2025-06-18 15:22:30,Fatigued
2025-06-18 15:22:30,Fatigued
2025-06-18 15:22:30,Fatigued
2025-06-18 15:22:30,Fatigued
2025-06-18 15:22:30,Fatigued
2025-06-18 15:22:31,Fatigued
2025-06-18 15:22:31,Fatigued
2025-06-18 15:22:31,Fatigued
2025-06-18 15:22:31,Fatigued
2025-06-18 15:22:31,Fatigued
2025-06-18 15:22:31,Fatigued
2025-06-18 15:22:31,Fatigued
2025-06-18 15:22:31,Fatigued
2025-06-18 15:22:31,Fatigued
2025-06-18 15:22:31,Fatigued
2025-06-18 15:22:31,Fatigued
2025-06-18 15:22:31,Fatigued
2025-06-18 15:22:31,Fatigued
2025-06-18 15:22:31,Fatigued
2025-06-18 15:22:31,Fatigued
2025-06-18 15:22:31,Fatigued
2025-06-18 15:22:31,Fatigued
2025-06-18 15:22:31,Fatigued
2025-06-18 15:22:31,Fatigued
2025-06-18 15:22:31,Fatigued
2025-06-18 15:22:31,Fatigued
2025-06-18 15:22:31,Fatigued
2025-06-18 15:22:31,Fatigued
2025-06-18 15:22:31,Fatigued
2025-06-18 15:22:31,Fatigued
2025-06-18 15:22:31,Fatigued
2025-06-18 15:22:31,Fatigued
2025-06-18 15:22:31,Fatigued
2025-06-18 15:22:31,Fatigued
2025-06-18 15:22:31,Fatigued
2025-06-18 15:22:32,Fatigued
2025-06-18 15:22:32,Fatigued
2025-06-18 15:22:32,Fatigued
2025-06-18 15:22:32,Fatigued
2025-06-18 15:22:32,Fatigued
2025-06-18 15:22:32,Fatigued
2025-06-18 15:22:32,Fatigued
2025-06-18 15:22:32,Fatigued
2025-06-18 15:22:32,Fatigued
2025-06-18 15:22:32,Fatigued
2025-06-18 15:22:32,Fatigued
2025-06-18 15:22:32,Fatigued
2025-06-18 15:22:32,Fatigued
2025-06-18 15:22:32,Fatigued
2025-06-18 15:22:32,Fatigued
2025-06-18 15:22:32,Fatigued
2025-06-18 15:22:32,Fatigued
2025-06-18 15:22:32,Fatigued
2025-06-18 15:22:32,Fatigued
2025-06-18 15:22:32,Fatigued
2025-06-18 15:22:32,Fatigued
2025-06-18 15:22:32,Fatigued
2025-06-18 15:22:32,Fatigued
2025-06-18 15:22:32,Fatigued
2025-06-18 15:22:32,Fatigued
2025-06-18 15:22:32,Fatigued
2025-06-18 15:22:32,Fatigued
2025-06-18 15:22:32,Fatigued
2025-06-18 15:22:32,Fatigued
2025-06-18 15:22:33,Fatigued
2025-06-18 15:22:33,Fatigued
2025-06-18 15:22:33,Fatigued
2025-06-18 15:22:33,Fatigued
2025-06-18 15:22:33,Fatigued
2025-06-18 15:22:33,Fatigued
2025-06-18 15:22:33,Fatigued
2025-06-18 15:22:33,Fatigued
2025-06-18 15:22:33,Fatigued
2025-06-18 15:22:33,Fatigued
2025-06-18 15:22:33,Fatigued
2025-06-18 15:22:33,Fatigued
2025-06-18 15:22:33,Fatigued
2025-06-18 15:22:33,Fatigued
2025-06-18 15:22:33,Fatigued
2025-06-18 15:22:33,Fatigued
2025-06-18 15:22:33,Fatigued
2025-06-18 15:22:33,Fatigued
2025-06-18 15:22:33,Fatigued
2025-06-18 15:22:33,Fatigued
2025-06-18 15:22:33,Fatigued
2025-06-18 15:22:33,Fatigued
2025-06-18 15:22:33,Fatigued
2025-06-18 15:22:33,Fatigued
2025-06-18 15:22:33,Fatigued
2025-06-18 15:22:33,Fatigued
2025-06-18 15:22:33,Fatigued
2025-06-18 15:22:33,Fatigued
2025-06-18 15:22:33,Fatigued
2025-06-18 15:22:34,Fatigued
2025-06-18 15:22:34,Fatigued
2025-06-18 15:22:34,Fatigued
2025-06-18 15:22:34,Fatigued
2025-06-18 15:22:34,Fatigued
2025-06-18 15:22:34,Fatigued
2025-06-18 15:22:34,Fatigued
2025-06-18 15:22:34,Fatigued
2025-06-18 15:22:34,Fatigued
2025-06-18 15:22:34,Fatigued
2025-06-18 15:22:34,Fatigued
2025-06-18 15:22:34,Fatigued
2025-06-18 15:22:34,Fatigued
2025-06-18 15:22:34,Fatigued
2025-06-18 15:22:34,Fatigued
2025-06-18 15:22:34,Fatigued
2025-06-18 15:22:34,Fatigued
2025-06-18 15:22:34,Fatigued
2025-06-18 15:22:34,Fatigued
2025-06-18 15:22:34,Fatigued
2025-06-18 15:22:34,Fatigued
2025-06-18 15:22:34,Fatigued
2025-06-18 15:22:34,Fatigued
2025-06-18 15:22:34,Fatigued
2025-06-18 15:22:34,Fatigued
2025-06-18 15:22:34,Fatigued
2025-06-18 15:22:34,Fatigued
2025-06-18 15:22:35,Fatigued
2025-06-18 15:22:35,Alert
2025-06-18 15:22:35,Alert
2025-06-18 15:22:35,Alert
2025-06-18 15:22:35,Alert
2025-06-18 15:22:35,Alert
2025-06-18 15:22:35,Alert
2025-06-18 15:22:35,Alert
2025-06-18 15:22:35,Alert
2025-06-18 15:22:35,Alert
2025-06-18 15:22:35,Alert
2025-06-18 15:22:35,Alert
2025-06-18 15:22:35,Alert
2025-06-18 15:22:35,Alert
2025-06-18 15:22:35,Alert
2025-06-18 15:22:35,Alert
2025-06-18 15:22:35,Alert
2025-06-18 15:22:35,Alert
2025-06-18 15:22:35,Alert
2025-06-18 15:22:35,Alert
2025-06-18 15:22:35,Alert
2025-06-18 15:22:35,Alert
2025-06-18 15:22:35,Alert
2025-06-18 15:22:35,Alert
2025-06-18 15:22:35,Alert
2025-06-18 15:22:35,Alert
2025-06-18 15:22:35,Alert
2025-06-18 15:22:35,Alert
2025-06-18 15:22:35,Alert
2025-06-18 15:22:35,Fatigued
2025-06-18 15:22:36,Fatigued
2025-06-18 15:22:36,Fatigued
2025-06-18 15:22:36,Fatigued
2025-06-18 15:22:36,Fatigued
2025-06-18 15:22:36,Fatigued
2025-06-18 15:22:36,Fatigued
2025-06-18 15:22:36,Fatigued
2025-06-18 15:22:36,Fatigued
2025-06-18 15:22:36,Fatigued
2025-06-18 15:22:36,Fatigued
2025-06-18 15:22:36,Fatigued
2025-06-18 15:22:36,Fatigued
2025-06-18 15:22:36,Fatigued
2025-06-18 15:22:36,Fatigued
2025-06-18 15:22:36,Fatigued
2025-06-18 15:22:36,Fatigued
2025-06-18 15:22:36,Fatigued
2025-06-18 15:22:36,Fatigued
2025-06-18 15:22:36,Fatigued
2025-06-18 15:22:36,Fatigued
2025-06-18 15:22:36,Fatigued
2025-06-18 15:22:36,Fatigued
2025-06-18 15:22:36,Fatigued
2025-06-18 15:22:36,Fatigued
2025-06-18 15:22:36,Fatigued
2025-06-18 15:22:36,Fatigued
2025-06-18 15:22:36,Fatigued
2025-06-18 15:22:36,Fatigued
2025-06-18 15:22:36,Fatigued
2025-06-18 15:22:36,Fatigued
2025-06-18 15:22:37,Fatigued
2025-06-18 15:22:37,Fatigued
2025-06-18 15:22:37,Fatigued
2025-06-18 15:22:37,Fatigued
2025-06-18 15:22:37,Fatigued
2025-06-18 15:22:37,Fatigued
2025-06-18 15:22:37,Fatigued
2025-06-18 15:22:37,Fatigued
2025-06-18 15:22:37,Fatigued
2025-06-18 15:22:37,Fatigued
2025-06-18 15:22:37,Fatigued
2025-06-18 15:22:37,Fatigued
2025-06-18 15:22:37,Fatigued
2025-06-18 15:22:37,Fatigued
2025-06-18 15:22:37,Fatigued
2025-06-18 15:22:37,Fatigued
2025-06-18 15:22:37,Fatigued
2025-06-18 15:22:37,Fatigued
2025-06-18 15:22:37,Fatigued
2025-06-18 15:22:37,Fatigued
2025-06-18 15:22:37,Fatigued
2025-06-18 15:22:37,Fatigued
2025-06-18 15:22:37,Fatigued
2025-06-18 15:22:37,Fatigued
2025-06-18 15:22:37,Fatigued
2025-06-18 15:22:37,Fatigued
2025-06-18 15:22:37,Fatigued
2025-06-18 15:22:37,Fatigued
2025-06-18 15:22:37,Fatigued
2025-06-18 15:22:37,Fatigued
2025-06-18 15:22:38,Fatigued
2025-06-18 15:22:38,Fatigued
2025-06-18 15:22:38,Fatigued
2025-06-18 15:22:38,Fatigued
2025-06-18 15:22:38,Fatigued
2025-06-18 15:22:38,Fatigued
2025-06-18 15:22:38,Fatigued
2025-06-18 15:22:38,Fatigued
2025-06-18 15:22:38,Fatigued
2025-06-18 15:22:38,Fatigued
2025-06-18 15:22:38,Fatigued
2025-06-18 15:22:38,Fatigued
2025-06-18 15:22:38,Fatigued
2025-06-18 15:22:38,Fatigued
2025-06-18 15:22:38,Fatigued
2025-06-18 15:22:38,Fatigued
2025-06-18 15:22:38,Fatigued
2025-06-18 15:22:38,Fatigued
2025-06-18 15:22:38,Fatigued
2025-06-18 15:22:38,Fatigued
2025-06-18 15:22:38,Fatigued
2025-06-18 15:22:38,Fatigued
2025-06-18 15:22:38,Fatigued
2025-06-18 15:22:38,Fatigued
2025-06-18 15:22:38,Fatigued
2025-06-18 15:22:38,Fatigued
2025-06-18 15:22:38,Fatigued
2025-06-18 15:22:38,Fatigued
2025-06-18 15:22:38,Fatigued
2025-06-18 15:22:38,Fatigued
2025-06-18 15:22:39,Fatigued
2025-06-18 15:22:39,Fatigued
2025-06-18 15:22:39,Fatigued
2025-06-18 15:22:39,Fatigued
2025-06-18 15:22:39,Fatigued
2025-06-18 15:22:39,Fatigued
2025-06-18 15:22:39,Fatigued
2025-06-18 15:22:39,Fatigued
2025-06-18 15:22:39,Fatigued
2025-06-18 15:22:39,Fatigued
2025-06-18 15:22:39,Fatigued
2025-06-18 15:22:39,Fatigued
2025-06-18 15:22:39,Fatigued
2025-06-18 15:22:39,Fatigued
2025-06-18 15:22:39,Fatigued
2025-06-18 15:22:39,Fatigued
2025-06-18 15:22:39,Fatigued
2025-06-18 15:22:39,Fatigued
2025-06-18 15:22:39,Fatigued
2025-06-18 15:22:39,Fatigued
2025-06-18 15:22:39,Fatigued
2025-06-18 15:22:39,Fatigued
2025-06-18 15:22:39,Fatigued
2025-06-18 15:22:39,Fatigued
2025-06-18 15:22:39,Fatigued
2025-06-18 15:22:39,Fatigued
2025-06-18 15:22:39,Fatigued
2025-06-18 15:22:39,Fatigued
2025-06-18 15:22:39,Fatigued
2025-06-18 15:22:39,Fatigued
2025-06-18 15:22:40,Fatigued
2025-06-18 15:22:40,Fatigued
2025-06-18 15:22:40,Fatigued
2025-06-18 15:22:40,Fatigued
2025-06-18 15:22:40,Fatigued
2025-06-18 15:22:40,Fatigued
2025-06-18 15:22:40,Fatigued
2025-06-18 15:22:40,Fatigued
2025-06-18 15:22:40,Fatigued
2025-06-18 15:22:40,Fatigued
2025-06-18 15:22:40,Fatigued
2025-06-18 15:22:40,Fatigued
2025-06-18 15:22:40,Fatigued
2025-06-18 15:22:40,Fatigued
2025-06-18 15:22:40,Fatigued
2025-06-18 15:22:40,Fatigued
2025-06-18 15:22:40,Fatigued
2025-06-18 15:22:40,Fatigued
2025-06-18 15:22:40,Fatigued
2025-06-18 15:22:40,Fatigued
2025-06-18 15:22:40,Fatigued
2025-06-18 15:22:40,Fatigued
2025-06-18 15:22:40,Fatigued
2025-06-18 15:22:40,Fatigued
2025-06-18 15:22:40,Fatigued
2025-06-18 15:22:40,Fatigued
2025-06-18 15:26:36,Alert
2025-06-18 15:26:36,Alert
2025-06-18 15:26:36,Alert
2025-06-18 15:26:36,Alert
2025-06-18 15:26:36,Alert
2025-06-18 15:26:36,Alert
2025-06-18 15:26:36,Alert
2025-06-18 15:26:37,Alert
2025-06-18 15:26:37,Alert
2025-06-18 15:26:37,Alert
2025-06-18 15:26:37,Alert
2025-06-18 15:26:37,Alert
2025-06-18 15:26:37,Alert
2025-06-18 15:26:37,Alert
2025-06-18 15:26:37,Alert
2025-06-18 15:26:37,Alert
2025-06-18 15:26:37,Alert
2025-06-18 15:26:37,Alert
2025-06-18 15:26:37,Alert
2025-06-18 15:26:37,Alert
2025-06-18 15:26:37,Alert
2025-06-18 15:26:37,Alert
2025-06-18 15:26:37,Alert
2025-06-18 15:26:37,Alert
2025-06-18 15:26:37,Alert
2025-06-18 15:26:37,Alert
2025-06-18 15:26:37,Alert
2025-06-18 15:26:37,Alert
2025-06-18 15:26:37,Alert
2025-06-18 15:26:37,Alert
2025-06-18 15:26:37,Alert
2025-06-18 15:26:37,Alert
2025-06-18 15:26:37,Alert
2025-06-18 15:26:37,Alert
2025-06-18 15:26:37,Alert
2025-06-18 15:26:37,Alert
2025-06-18 15:26:37,Alert
2025-06-18 15:26:38,Alert
2025-06-18 15:26:38,Alert
2025-06-18 15:26:38,Alert
2025-06-18 15:26:38,Alert
2025-06-18 15:26:38,Alert
2025-06-18 15:26:38,Alert
2025-06-18 15:26:38,Alert
2025-06-18 15:26:38,Alert
2025-06-18 15:26:38,Alert
2025-06-18 15:26:38,Alert
2025-06-18 15:26:38,Alert
2025-06-18 15:26:38,Alert
2025-06-18 15:26:38,Alert
2025-06-18 15:26:38,Alert
2025-06-18 15:26:38,Alert
2025-06-18 15:26:38,Alert
2025-06-18 15:26:38,Alert
2025-06-18 15:26:38,Alert
2025-06-18 15:26:38,Alert
2025-06-18 15:26:38,Alert
2025-06-18 15:26:38,Alert
2025-06-18 15:26:38,Alert
2025-06-18 15:26:38,Alert
2025-06-18 15:26:38,Fatigued
2025-06-18 15:26:38,Fatigued
2025-06-18 15:26:38,Fatigued
2025-06-18 15:26:38,Fatigued
2025-06-18 15:26:38,Fatigued
2025-06-18 15:26:38,Fatigued
2025-06-18 15:26:38,Fatigued
2025-06-18 15:26:39,Fatigued
2025-06-18 15:26:39,Fatigued
2025-06-18 15:26:39,Fatigued
2025-06-18 15:26:39,Fatigued
2025-06-18 15:26:39,Alert
2025-06-18 15:26:39,Alert
2025-06-18 15:26:39,Alert
2025-06-18 15:26:39,Alert
2025-06-18 15:26:39,Alert
2025-06-18 15:26:39,Alert
2025-06-18 15:26:39,Alert
2025-06-18 15:26:39,Alert
2025-06-18 15:26:39,Alert
2025-06-18 15:26:39,Alert
2025-06-18 15:26:39,Alert
2025-06-18 15:26:39,Alert
2025-06-18 15:26:39,Alert
2025-06-18 15:26:39,Alert
2025-06-18 15:26:39,Alert
2025-06-18 15:26:39,Alert
2025-06-18 15:26:39,Alert
2025-06-18 15:26:39,Alert
2025-06-18 15:26:39,Alert
2025-06-18 15:26:39,Alert
2025-06-18 15:26:39,Alert
2025-06-18 15:26:39,Alert
2025-06-18 15:26:39,Alert
2025-06-18 15:26:39,Alert
2025-06-18 15:26:39,Alert
2025-06-18 15:26:39,Alert
2025-06-18 15:26:40,Alert
2025-06-18 15:26:40,Alert
2025-06-18 15:26:40,Alert
2025-06-18 15:26:40,Alert
2025-06-18 15:26:40,Alert
2025-06-18 15:26:40,Alert
2025-06-18 15:26:40,Alert
2025-06-18 15:26:40,Alert
2025-06-18 15:26:40,Alert
2025-06-18 15:26:40,Alert
2025-06-18 15:26:40,Alert
2025-06-18 15:26:40,Alert
2025-06-18 15:26:40,Alert
2025-06-18 15:26:40,Alert
2025-06-18 15:26:40,Alert
2025-06-18 15:26:40,Alert
2025-06-18 15:26:40,Alert
2025-06-18 15:26:40,Alert
2025-06-18 15:26:40,Alert
2025-06-18 15:26:40,Alert
2025-06-18 15:26:40,Alert
2025-06-18 15:26:40,Alert
2025-06-18 15:26:40,Alert
2025-06-18 15:26:40,Alert
2025-06-18 15:26:40,Alert
2025-06-18 15:26:40,Alert
2025-06-18 15:26:40,Alert
2025-06-18 15:26:40,Alert
2025-06-18 15:26:40,Alert
2025-06-18 15:26:40,Alert
2025-06-18 15:26:41,Alert
2025-06-18 15:26:41,Alert
2025-06-18 15:26:41,Alert
2025-06-18 15:26:41,Alert
2025-06-18 15:26:41,Alert
2025-06-18 15:26:41,Alert
2025-06-18 15:26:41,Alert
2025-06-18 15:26:41,Alert
2025-06-18 15:26:41,Alert
2025-06-18 15:26:41,Alert
2025-06-18 15:26:41,Alert
2025-06-18 15:26:41,Alert
2025-06-18 15:26:41,Alert
2025-06-18 15:26:41,Alert
2025-06-18 15:26:41,Alert
2025-06-18 15:26:41,Alert
2025-06-18 15:26:41,Alert
2025-06-18 15:26:41,Alert
2025-06-18 15:26:41,Alert
2025-06-18 15:26:41,Alert
2025-06-18 15:26:41,Alert
2025-06-18 15:26:41,Alert
2025-06-18 15:26:41,Alert
2025-06-18 15:26:41,Alert
2025-06-18 15:26:41,Alert
2025-06-18 15:26:41,Alert
2025-06-18 15:26:41,Alert
2025-06-18 15:26:41,Fatigued
2025-06-18 15:26:41,Fatigued
2025-06-18 15:26:41,Fatigued
2025-06-18 15:26:42,Fatigued
2025-06-18 15:26:42,Fatigued
2025-06-18 15:26:42,Fatigued
2025-06-18 15:26:42,Fatigued
2025-06-18 15:26:42,Fatigued
2025-06-18 15:26:42,Fatigued
2025-06-18 15:26:42,Fatigued
2025-06-18 15:26:42,Fatigued
2025-06-18 15:26:42,Fatigued
2025-06-18 15:26:42,Fatigued
2025-06-18 15:26:42,Fatigued
2025-06-18 15:26:42,Alert
2025-06-18 15:26:42,Alert
2025-06-18 15:26:42,Alert
2025-06-18 15:26:42,Alert
2025-06-18 15:26:42,Alert
2025-06-18 15:26:42,Alert
2025-06-18 15:26:42,Alert
2025-06-18 15:26:42,Alert
2025-06-18 15:26:42,Alert
2025-06-18 15:26:42,Alert
2025-06-18 15:26:42,Alert
2025-06-18 15:26:42,Alert
2025-06-18 15:26:42,Alert
2025-06-18 15:26:42,Alert
2025-06-18 15:26:42,Alert
2025-06-18 15:26:42,Alert
2025-06-18 15:26:42,Alert
2025-06-18 15:26:42,Alert
2025-06-18 15:26:42,Alert
2025-06-18 15:26:43,Alert
2025-06-18 15:26:43,Alert
2025-06-18 15:26:43,Alert
2025-06-18 15:26:43,Alert
2025-06-18 15:26:43,Alert
2025-06-18 15:26:43,Alert
2025-06-18 15:26:43,Alert
2025-06-18 15:26:43,Alert
2025-06-18 15:26:43,Alert
2025-06-18 15:26:43,Alert
2025-06-18 15:26:43,Alert
2025-06-18 15:26:43,Alert
2025-06-18 15:26:43,Alert
2025-06-18 15:26:43,Fatigued
2025-06-18 15:26:43,Fatigued
2025-06-18 15:26:43,Fatigued
2025-06-18 15:26:43,Fatigued
2025-06-18 15:26:43,Fatigued
2025-06-18 15:26:43,Fatigued
2025-06-18 15:26:43,Alert
2025-06-18 15:26:43,Alert
2025-06-18 15:26:43,Alert
2025-06-18 15:26:43,Alert
2025-06-18 15:26:43,Alert
2025-06-18 15:26:43,Alert
2025-06-18 15:26:43,Alert
2025-06-18 15:26:43,Alert
2025-06-18 15:26:43,Alert
2025-06-18 15:26:43,Alert
2025-06-18 15:26:44,Alert
2025-06-18 15:26:44,Alert
2025-06-18 15:26:44,Alert
2025-06-18 15:26:44,Alert
2025-06-18 15:26:44,Alert
2025-06-18 15:26:44,Alert
2025-06-18 15:26:44,Alert
2025-06-18 15:26:44,Alert
2025-06-18 15:26:44,Alert
2025-06-18 15:26:44,Alert
2025-06-18 15:26:44,Alert
2025-06-18 15:26:44,Alert
2025-06-18 15:26:44,Alert
2025-06-18 15:26:44,Alert
2025-06-18 15:26:44,Alert
2025-06-18 15:26:44,Alert
2025-06-18 15:26:44,Alert
2025-06-18 15:26:44,Alert
2025-06-18 15:26:44,Alert
2025-06-18 15:26:44,Alert
2025-06-18 15:26:44,Alert
2025-06-18 15:26:44,Alert
2025-06-18 15:26:44,Alert
2025-06-18 15:26:44,Alert
2025-06-18 15:26:44,Alert
2025-06-18 15:26:44,Alert
2025-06-18 15:26:44,Alert
2025-06-18 15:26:44,Alert
2025-06-18 15:26:44,Alert
2025-06-18 15:26:44,Alert
2025-06-18 15:26:45,Alert
2025-06-18 15:26:45,Alert
2025-06-18 15:26:45,Alert
2025-06-18 15:26:45,Alert
2025-06-18 15:26:45,Alert
2025-06-18 15:26:45,Alert
2025-06-18 15:26:45,Alert
2025-06-18 15:26:45,Alert
2025-06-18 15:26:45,Fatigued
2025-06-18 15:26:45,Fatigued
2025-06-18 15:26:45,Fatigued
2025-06-18 15:26:45,Fatigued
2025-06-18 15:26:45,Fatigued
2025-06-18 15:26:45,Fatigued
2025-06-18 15:26:45,Fatigued
2025-06-18 15:26:45,Fatigued
2025-06-18 15:26:45,Fatigued
2025-06-18 15:26:45,Fatigued
2025-06-18 15:26:45,Fatigued
2025-06-18 15:26:45,Fatigued
2025-06-18 15:26:45,Fatigued
2025-06-18 15:26:45,Fatigued
2025-06-18 15:26:45,Fatigued
2025-06-18 15:26:45,Fatigued
2025-06-18 15:26:45,Fatigued
2025-06-18 15:26:45,Fatigued
2025-06-18 15:26:45,Fatigued
2025-06-18 15:26:45,Fatigued
2025-06-18 15:26:45,Fatigued
2025-06-18 15:26:45,Fatigued
2025-06-18 15:26:46,Fatigued
2025-06-18 15:26:46,Fatigued
2025-06-18 15:26:46,Fatigued
2025-06-18 15:26:46,Fatigued
2025-06-18 15:26:46,Fatigued
2025-06-18 15:26:46,Fatigued
2025-06-18 15:26:46,Fatigued
2025-06-18 15:26:46,Fatigued
2025-06-18 15:26:46,Fatigued
2025-06-18 15:26:46,Alert
2025-06-18 15:26:46,Alert
2025-06-18 15:26:46,Alert
2025-06-18 15:26:46,Alert
2025-06-18 15:26:46,Alert
2025-06-18 15:26:46,Alert
2025-06-18 15:26:46,Alert
2025-06-18 15:26:46,Alert
2025-06-18 15:26:46,Alert
2025-06-18 15:26:46,Alert
2025-06-18 15:26:46,Alert
2025-06-18 15:26:46,Alert
2025-06-18 15:26:46,Alert
2025-06-18 15:26:46,Alert
2025-06-18 15:26:46,Alert
2025-06-18 15:26:46,Alert
2025-06-18 15:26:46,Alert
2025-06-18 15:26:46,Alert
2025-06-18 15:26:46,Alert
2025-06-18 15:26:46,Alert
2025-06-18 15:26:46,Alert
2025-06-18 15:26:47,Alert
2025-06-18 15:26:47,Alert
2025-06-18 15:26:47,Alert
2025-06-18 15:26:47,Alert
2025-06-18 15:26:47,Alert
2025-06-18 15:26:47,Alert
2025-06-18 15:26:47,Alert
2025-06-18 15:26:47,Alert
2025-06-18 15:26:47,Alert
2025-06-18 15:26:47,Alert
2025-06-18 15:26:47,Alert
2025-06-18 15:26:47,Alert
2025-06-18 15:26:47,Alert
2025-06-18 15:26:47,Alert
2025-06-18 15:26:47,Alert
2025-06-18 15:26:47,Alert
2025-06-18 15:26:47,Alert
2025-06-18 15:26:47,Alert
2025-06-18 15:26:47,Alert
2025-06-18 15:26:47,Alert
2025-06-18 15:26:47,Alert
2025-06-18 15:26:47,Alert
2025-06-18 15:26:47,Alert
2025-06-18 15:26:47,Alert
2025-06-18 15:26:47,Alert
2025-06-18 15:26:47,Alert
2025-06-18 15:26:47,Alert
2025-06-18 15:26:47,Alert
2025-06-18 15:26:47,Alert
2025-06-18 15:26:47,Alert
2025-06-18 15:26:48,Alert
2025-06-18 15:26:48,Alert
2025-06-18 15:26:48,Alert
2025-06-18 15:26:48,Alert
2025-06-18 15:26:48,Alert
2025-06-18 15:26:48,Alert
2025-06-18 15:26:48,Alert
2025-06-18 15:26:48,Alert
2025-06-18 15:26:48,Alert
2025-06-18 15:26:48,Alert
2025-06-18 15:26:48,Alert
2025-06-18 15:26:48,Alert
2025-06-18 15:26:48,Alert
2025-06-18 15:26:48,Alert
2025-06-18 15:26:48,Alert
2025-06-18 15:26:48,Alert
2025-06-18 15:26:48,Alert
2025-06-18 15:26:48,Alert
2025-06-18 15:26:48,Alert
2025-06-18 15:26:48,Alert
2025-06-18 15:26:48,Alert
2025-06-18 15:26:48,Alert
2025-06-18 15:26:48,Alert
2025-06-18 15:26:48,Alert
2025-06-18 15:26:48,Alert
2025-06-18 15:26:48,Alert
2025-06-18 15:26:48,Alert
2025-06-18 15:26:48,Alert
2025-06-18 15:26:48,Alert
2025-06-18 15:26:48,Alert
2025-06-18 15:26:49,Alert
2025-06-18 15:26:49,Alert
2025-06-18 15:26:49,Alert
2025-06-18 15:26:49,Alert
2025-06-18 15:26:49,Alert
2025-06-18 15:26:49,Alert
2025-06-18 15:26:49,Alert
2025-06-18 15:26:49,Alert
2025-06-18 15:26:49,Alert
2025-06-18 15:26:49,Alert
2025-06-18 15:26:49,Alert
2025-06-18 15:26:49,Alert
2025-06-18 15:26:49,Alert
2025-06-18 15:26:49,Alert
2025-06-18 15:26:49,Alert
2025-06-18 15:26:49,Alert
2025-06-18 15:26:49,Alert
2025-06-18 15:26:49,Alert
2025-06-18 15:26:49,Alert
2025-06-18 15:26:49,Alert
2025-06-18 15:26:49,Alert
2025-06-18 15:26:49,Alert
2025-06-18 15:26:49,Alert
2025-06-18 15:26:49,Alert
2025-06-18 15:26:49,Alert
2025-06-18 15:26:49,Alert
2025-06-18 15:26:49,Alert
2025-06-18 15:26:49,Alert
2025-06-18 15:26:49,Alert
2025-06-18 15:26:49,Alert
2025-06-18 15:26:50,Alert
2025-06-18 15:26:50,Alert
2025-06-18 15:26:50,Alert
2025-06-18 15:26:50,Alert
2025-06-18 15:26:50,Alert
2025-06-18 15:26:50,Alert
2025-06-18 15:26:50,Alert
2025-06-18 15:26:50,Alert
2025-06-18 15:26:50,Alert
2025-06-18 15:26:50,Alert
2025-06-18 15:26:50,Alert
2025-06-18 15:26:50,Alert
2025-06-18 15:26:50,Alert
2025-06-18 15:26:50,Alert
2025-06-18 15:26:50,Alert
2025-06-18 15:26:50,Alert
2025-06-18 15:26:50,Alert
2025-06-18 15:26:50,Alert
2025-06-18 15:26:50,Alert
2025-06-18 15:26:50,Alert
2025-06-18 15:26:50,Alert
2025-06-18 15:26:50,Alert
2025-06-18 15:26:50,Alert
2025-06-18 15:26:50,Alert
2025-06-18 15:26:50,Alert
2025-06-18 15:26:50,Fatigued
2025-06-18 15:26:50,Fatigued
2025-06-18 15:26:50,Fatigued
2025-06-18 15:26:50,Fatigued
2025-06-18 15:26:50,Fatigued
2025-06-18 15:26:51,Fatigued
2025-06-18 15:26:51,Fatigued
2025-06-18 15:26:51,Fatigued
2025-06-18 15:26:51,Fatigued
2025-06-18 15:26:51,Fatigued
2025-06-18 15:26:51,Fatigued
2025-06-18 15:26:51,Fatigued
2025-06-18 15:26:51,Alert
2025-06-18 15:26:51,Alert
2025-06-18 15:26:51,Alert
2025-06-18 15:26:51,Alert
2025-06-18 15:26:51,Alert
2025-06-18 15:26:51,Alert
2025-06-18 15:26:51,Alert
2025-06-18 15:26:51,Alert
2025-06-18 15:26:51,Alert
2025-06-18 15:26:51,Alert
2025-06-18 15:26:51,Alert
2025-06-18 15:26:51,Alert
2025-06-18 15:26:51,Alert
2025-06-18 15:26:51,Alert
2025-06-18 15:26:51,Alert
2025-06-18 15:26:51,Alert
2025-06-18 15:26:51,Alert
2025-06-18 15:26:51,Alert
2025-06-18 15:26:51,Alert
2025-06-18 15:26:51,Alert
2025-06-18 15:26:51,Alert
2025-06-18 15:26:51,Alert
2025-06-18 15:26:52,Alert
2025-06-18 15:26:52,Alert
2025-06-18 15:26:52,Alert
2025-06-18 15:26:52,Alert
2025-06-18 15:26:52,Alert
2025-06-18 15:26:52,Alert
2025-06-18 15:26:52,Alert
2025-06-18 15:26:52,Alert
2025-06-18 15:26:52,Alert
2025-06-18 15:26:52,Alert
2025-06-18 15:26:52,Alert
2025-06-18 15:26:52,Alert
2025-06-18 15:26:52,Alert
2025-06-18 15:26:52,Alert
2025-06-18 15:26:52,Alert
2025-06-18 15:26:52,Alert
2025-06-18 15:26:52,Alert
2025-06-18 15:26:52,Alert
2025-06-18 15:26:52,Alert
2025-06-18 15:26:52,Alert
2025-06-18 15:26:52,Alert
2025-06-18 15:26:52,Alert
2025-06-18 15:26:52,Alert
2025-06-18 15:26:52,Alert
2025-06-18 15:26:52,Alert
2025-06-18 15:26:52,Alert
2025-06-18 15:26:52,Alert
2025-06-18 15:26:52,Alert
2025-06-18 15:26:52,Alert
2025-06-18 15:26:52,Alert
2025-06-18 15:26:53,Alert
2025-06-18 15:26:53,Alert
2025-06-18 15:26:53,Alert
2025-06-18 15:26:53,Alert
2025-06-18 15:26:53,Alert
2025-06-18 15:26:53,Alert
2025-06-18 15:26:53,Alert
2025-06-18 15:26:53,Alert
2025-06-18 15:26:53,Fatigued
2025-06-18 15:26:53,Fatigued
2025-06-18 15:26:53,Fatigued
2025-06-18 15:26:53,Fatigued
2025-06-18 15:26:53,Fatigued
2025-06-18 15:26:53,Fatigued
2025-06-18 15:26:53,Fatigued
2025-06-18 15:26:53,Fatigued
2025-06-18 15:26:53,Fatigued
2025-06-18 15:26:53,Fatigued
2025-06-18 15:26:53,Alert
2025-06-18 15:26:53,Alert
2025-06-18 15:26:53,Alert
2025-06-18 15:26:53,Alert
2025-06-18 15:26:53,Alert
2025-06-18 15:26:53,Alert
2025-06-18 15:26:53,Alert
2025-06-18 15:26:53,Alert
2025-06-18 15:26:53,Alert
2025-06-18 15:26:53,Alert
2025-06-18 15:26:53,Alert
2025-06-18 15:26:53,Alert
2025-06-18 15:26:54,Alert
2025-06-18 15:26:54,Alert
2025-06-18 15:26:54,Alert
2025-06-18 15:26:54,Alert
2025-06-18 15:26:54,Alert
2025-06-18 15:26:54,Alert
2025-06-18 15:26:54,Alert
2025-06-18 15:26:54,Alert
2025-06-18 15:26:54,Alert
2025-06-18 15:26:54,Alert
2025-06-18 15:26:54,Alert
2025-06-18 15:26:54,Alert
2025-06-18 15:26:54,Alert
2025-06-18 15:26:54,Alert
2025-06-18 15:26:54,Alert
2025-06-18 15:26:54,Alert
2025-06-18 15:26:54,Alert
2025-06-18 15:26:54,Alert
2025-06-18 15:26:54,Alert
2025-06-18 15:26:54,Alert
2025-06-18 15:26:54,Alert
2025-06-18 15:26:54,Alert
2025-06-18 15:26:54,Alert
2025-06-18 15:26:54,Alert
2025-06-18 15:26:54,Alert
2025-06-18 15:26:54,Alert
2025-06-18 15:26:54,Alert
2025-06-18 15:26:54,Alert
2025-06-18 15:26:54,Alert
2025-06-18 15:26:54,Alert
2025-06-18 15:26:55,Alert
2025-06-18 15:26:55,Alert
2025-06-18 15:26:55,Alert
2025-06-18 15:26:55,Alert
2025-06-18 15:26:55,Alert
2025-06-18 15:26:55,Alert
2025-06-18 15:26:55,Alert
2025-06-18 15:26:55,Alert
2025-06-18 15:26:55,Alert
2025-06-18 15:26:55,Alert
2025-06-18 15:26:55,Alert
2025-06-18 15:26:55,Alert
2025-06-18 15:26:55,Alert
2025-06-18 15:26:55,Alert
2025-06-18 15:26:55,Alert
2025-06-18 15:26:55,Alert
2025-06-18 15:26:55,Alert
2025-06-18 15:26:55,Alert
2025-06-18 15:26:55,Alert
2025-06-18 15:26:55,Alert
2025-06-18 15:26:55,Alert
2025-06-18 15:26:55,Alert
2025-06-18 15:26:55,Alert
2025-06-18 15:26:55,Alert
2025-06-18 15:26:55,Alert
2025-06-18 15:26:55,Alert
2025-06-18 15:26:55,Alert
2025-06-18 15:26:55,Alert
2025-06-18 15:26:55,Alert
2025-06-18 15:26:55,Alert
2025-06-18 15:26:56,Alert
2025-06-18 15:26:56,Alert
2025-06-18 15:26:56,Alert
2025-06-18 15:26:56,Alert
2025-06-18 15:26:56,Alert
2025-06-18 15:26:56,Alert
2025-06-18 15:26:56,Alert
2025-06-18 15:26:56,Alert
2025-06-18 15:26:56,Alert
2025-06-18 15:26:56,Alert
2025-06-18 15:26:56,Alert
2025-06-18 15:26:56,Alert
2025-06-18 15:26:56,Alert
2025-06-18 15:26:56,Alert
2025-06-18 15:26:56,Alert
2025-06-18 15:26:56,Alert
2025-06-18 15:26:56,Alert
2025-06-18 15:26:56,Alert
2025-06-18 15:26:56,Alert
2025-06-18 15:26:56,Alert
2025-06-18 15:26:56,Alert
2025-06-18 15:26:56,Alert
2025-06-18 15:26:56,Alert
2025-06-18 15:26:56,Alert
2025-06-18 15:26:56,Alert
2025-06-18 15:26:56,Alert
2025-06-18 15:26:56,Alert
2025-06-18 15:26:56,Alert
2025-06-18 15:26:56,Alert
2025-06-18 15:26:56,Alert
2025-06-18 15:26:57,Alert
2025-06-18 15:26:57,Alert
2025-06-18 15:26:57,Alert
2025-06-18 15:26:57,Alert
2025-06-18 15:26:57,Alert
2025-06-18 15:26:57,Alert
2025-06-18 15:26:57,Alert
2025-06-18 15:26:57,Alert
2025-06-18 15:26:57,Alert
2025-06-18 15:26:57,Alert
2025-06-18 15:26:57,Alert
2025-06-18 15:26:57,Alert
2025-06-18 15:26:57,Alert
2025-06-18 15:26:57,Alert
2025-06-18 15:26:57,Alert
2025-06-18 15:26:57,Alert
2025-06-18 15:26:57,Alert
2025-06-18 15:26:57,Alert
2025-06-18 15:26:57,Alert
2025-06-18 15:26:57,Alert
2025-06-18 15:26:57,Alert
2025-06-18 15:26:57,Alert
2025-06-18 15:26:57,Alert
2025-06-18 15:26:57,Alert
2025-06-18 15:26:57,Alert
2025-06-18 15:26:57,Alert
2025-06-18 15:26:57,Alert
2025-06-18 15:26:57,Alert
2025-06-18 15:26:57,Alert
2025-06-18 15:26:58,Alert
2025-06-18 15:26:58,Alert
2025-06-18 15:26:58,Alert
2025-06-18 15:26:58,Alert
2025-06-18 15:26:58,Alert
2025-06-18 15:26:58,Alert
2025-06-18 15:26:58,Alert
2025-06-18 15:26:58,Alert
2025-06-18 15:26:58,Alert
2025-06-18 15:26:58,Alert
2025-06-18 15:26:58,Alert
2025-06-18 15:26:58,Alert
2025-06-18 15:26:58,Alert
2025-06-18 15:26:58,Alert
2025-06-18 15:26:58,Alert
2025-06-18 15:26:58,Alert
2025-06-18 15:26:58,Alert
2025-06-18 15:26:58,Alert
2025-06-18 15:26:58,Alert
2025-06-18 15:26:58,Alert
2025-06-18 15:26:58,Alert
2025-06-18 15:26:58,Alert
2025-06-18 15:26:58,Alert
2025-06-18 15:26:58,Alert
2025-06-18 15:26:58,Alert
2025-06-18 15:26:58,Alert
2025-06-18 15:26:58,Alert
2025-06-18 15:26:58,Alert
2025-06-18 15:26:58,Alert
2025-06-18 15:26:58,Alert
2025-06-18 15:26:59,Alert
2025-06-18 15:26:59,Alert
2025-06-18 15:26:59,Alert
2025-06-18 15:26:59,Alert
2025-06-18 15:26:59,Alert
2025-06-18 15:26:59,Alert
2025-06-18 15:26:59,Alert
2025-06-18 15:26:59,Alert
2025-06-18 15:26:59,Alert
2025-06-18 15:26:59,Alert
2025-06-18 15:26:59,Alert
2025-06-18 15:26:59,Alert
2025-06-18 15:26:59,Alert
2025-06-18 15:26:59,Alert
2025-06-18 15:26:59,Alert
2025-06-18 15:26:59,Alert
2025-06-18 15:26:59,Alert
2025-06-18 15:26:59,Alert
2025-06-18 15:26:59,Alert
2025-06-18 15:26:59,Alert
2025-06-18 15:26:59,Alert
2025-06-18 15:26:59,Alert
2025-06-18 15:26:59,Alert
2025-06-18 15:26:59,Alert
2025-06-18 15:26:59,Alert
2025-06-18 15:26:59,Alert
2025-06-18 15:26:59,Alert
2025-06-18 15:26:59,Alert
2025-06-18 15:26:59,Alert
2025-06-18 15:26:59,Alert
2025-06-18 15:27:00,Alert
2025-06-18 15:27:00,Alert
2025-06-18 15:27:00,Alert
2025-06-18 15:27:00,Alert
2025-06-18 15:27:00,Alert
2025-06-18 15:27:00,Alert
2025-06-18 15:27:00,Alert
2025-06-18 15:27:00,Alert
2025-06-18 15:27:00,Alert
2025-06-18 15:27:00,Alert
2025-06-18 15:27:00,Alert
2025-06-18 15:27:00,Alert
2025-06-18 15:27:00,Alert
2025-06-18 15:27:00,Alert
2025-06-18 15:27:00,Alert
2025-06-18 15:27:00,Alert
2025-06-18 15:27:00,Alert
2025-06-18 15:27:00,Alert
2025-06-18 15:27:00,Alert
2025-06-18 15:27:00,Alert
2025-06-18 15:27:00,Alert
2025-06-18 15:27:00,Alert
2025-06-18 15:27:00,Alert
2025-06-18 15:27:00,Alert
2025-06-18 15:27:00,Alert
2025-06-18 15:27:00,Alert
2025-06-18 15:27:00,Alert
2025-06-18 15:27:00,Alert
2025-06-18 15:27:00,Alert
2025-06-18 15:27:00,Alert
2025-06-18 15:27:01,Alert
2025-06-18 15:27:01,Alert
2025-06-18 15:27:01,Alert
2025-06-18 15:27:01,Alert
2025-06-18 15:27:01,Alert
2025-06-18 15:27:01,Alert
2025-06-18 15:27:01,Alert
2025-06-18 15:27:01,Alert
2025-06-18 15:27:01,Alert
2025-06-18 15:27:01,Alert
2025-06-18 15:27:01,Alert
2025-06-18 15:27:01,Alert
2025-06-18 15:27:01,Alert
2025-06-18 15:27:01,Alert
2025-06-18 15:27:01,Alert
2025-06-18 15:27:01,Alert
2025-06-18 15:27:01,Alert
2025-06-18 15:27:01,Alert
2025-06-18 15:27:01,Alert
2025-06-18 15:27:01,Fatigued
2025-06-18 15:27:01,Fatigued
2025-06-18 15:27:01,Fatigued
2025-06-18 15:27:01,Fatigued
2025-06-18 15:27:01,Fatigued
2025-06-18 15:27:01,Fatigued
2025-06-18 15:27:01,Fatigued
2025-06-18 15:27:01,Fatigued
2025-06-18 15:27:01,Fatigued
2025-06-18 15:27:01,Fatigued
2025-06-18 15:27:02,Fatigued
2025-06-18 15:27:02,Fatigued
2025-06-18 15:27:02,Alert
2025-06-18 15:27:02,Alert
2025-06-18 15:27:02,Alert
2025-06-18 15:27:02,Alert
2025-06-18 15:27:02,Alert
2025-06-18 15:27:02,Alert
2025-06-18 15:27:02,Alert
2025-06-18 15:27:02,Alert
2025-06-18 15:27:02,Alert
2025-06-18 15:27:02,Alert
2025-06-18 15:27:02,Alert
2025-06-18 15:27:02,Alert
2025-06-18 15:27:02,Alert
2025-06-18 15:27:02,Alert
2025-06-18 15:27:02,Alert
2025-06-18 15:27:02,Alert
2025-06-18 15:27:02,Alert
2025-06-18 15:27:02,Alert
2025-06-18 15:27:02,Alert
2025-06-18 15:27:02,Alert
2025-06-18 15:27:02,Alert
2025-06-18 15:27:02,Alert
2025-06-18 15:27:02,Alert
2025-06-18 15:27:02,Alert
2025-06-18 15:27:02,Alert
2025-06-18 15:27:02,Alert
2025-06-18 15:27:02,Alert
2025-06-18 15:27:02,Alert
2025-06-18 15:27:03,Alert
2025-06-18 15:27:03,Alert
2025-06-18 15:27:03,Alert
2025-06-18 15:27:03,Alert
2025-06-18 15:27:03,Alert
2025-06-18 15:27:03,Alert
2025-06-18 15:27:03,Alert
2025-06-18 15:27:03,Alert
2025-06-18 15:27:03,Alert
2025-06-18 15:27:03,Alert
2025-06-18 15:27:03,Alert
2025-06-18 15:27:03,Alert
2025-06-18 15:27:03,Alert
2025-06-18 15:27:03,Alert
2025-06-18 15:27:03,Alert
2025-06-18 15:27:03,Alert
2025-06-18 15:27:03,Alert
2025-06-18 15:27:03,Alert
2025-06-18 15:27:03,Alert
2025-06-18 15:27:03,Alert
2025-06-18 15:27:03,Alert
2025-06-18 15:27:03,Alert
2025-06-18 15:27:03,Fatigued
2025-06-18 15:27:03,Fatigued
2025-06-18 15:27:03,Fatigued
2025-06-18 15:27:03,Fatigued
2025-06-18 15:27:03,Fatigued
2025-06-18 15:27:03,Alert
2025-06-18 15:27:03,Alert
2025-06-18 15:27:03,Alert
2025-06-18 15:27:04,Alert
2025-06-18 15:27:04,Alert
2025-06-18 15:27:04,Alert
2025-06-18 15:27:04,Alert
2025-06-18 15:27:04,Alert
2025-06-18 15:27:04,Alert
2025-06-18 15:27:04,Alert
2025-06-18 15:27:04,Alert
2025-06-18 15:27:04,Alert
2025-06-18 15:27:04,Alert
2025-06-18 15:27:04,Alert
2025-06-18 15:27:04,Alert
2025-06-18 15:27:04,Alert
2025-06-18 15:27:04,Alert
2025-06-18 15:27:04,Alert
2025-06-18 15:27:04,Alert
2025-06-18 15:27:04,Alert
2025-06-18 15:27:04,Alert
2025-06-18 15:27:04,Alert
2025-06-18 15:27:04,Alert
2025-06-18 15:27:04,Alert
2025-06-18 15:27:04,Alert
2025-06-18 15:27:04,Alert
2025-06-18 15:27:04,Alert
2025-06-18 15:27:04,Alert
2025-06-18 15:27:04,Alert
2025-06-18 15:27:04,Alert
2025-06-18 15:27:04,Alert
2025-06-18 15:27:04,Alert
2025-06-18 15:27:04,Alert
2025-06-18 15:27:05,Alert
2025-06-18 15:27:05,Alert
2025-06-18 15:27:05,Alert
2025-06-18 15:27:05,Alert
2025-06-18 15:27:05,Alert
2025-06-18 15:27:05,Alert
2025-06-18 15:27:05,Alert
2025-06-18 15:27:05,Alert
2025-06-18 15:27:05,Alert
2025-06-18 15:27:05,Alert
2025-06-18 15:27:05,Alert
2025-06-18 15:27:05,Alert
2025-06-18 15:27:05,Alert
2025-06-18 15:27:05,Alert
2025-06-18 15:27:05,Alert
2025-06-18 15:27:05,Alert
2025-06-18 15:27:05,Alert
2025-06-18 15:27:05,Alert
2025-06-18 15:27:05,Alert
2025-06-18 15:27:05,Alert
2025-06-18 15:27:05,Alert
2025-06-18 15:27:05,Alert
2025-06-18 15:27:05,Alert
2025-06-18 15:27:05,Alert
2025-06-18 15:27:05,Alert
2025-06-18 15:27:05,Alert
2025-06-18 15:27:05,Alert
2025-06-18 15:27:05,Alert
2025-06-18 15:27:05,Alert
2025-06-18 15:27:05,Alert
2025-06-18 15:27:06,Alert
2025-06-18 15:27:06,Alert
2025-06-18 15:27:06,Alert
2025-06-18 15:27:06,Alert
2025-06-18 15:27:06,Alert
2025-06-18 15:27:06,Alert
2025-06-18 15:27:06,Alert
2025-06-18 15:27:06,Alert
2025-06-18 15:27:06,Alert
2025-06-18 15:27:06,Alert
2025-06-18 15:27:06,Alert
2025-06-18 15:27:06,Alert
2025-06-18 15:27:06,Alert
2025-06-18 15:27:06,Alert
2025-06-18 15:27:06,Alert
2025-06-18 15:27:06,Alert
2025-06-18 15:27:06,Alert
2025-06-18 15:27:06,Alert
2025-06-18 15:27:06,Alert
2025-06-18 15:27:06,Alert
2025-06-18 15:27:06,Alert
2025-06-18 15:27:06,Alert
2025-06-18 15:27:06,Alert
2025-06-18 15:27:06,Alert
2025-06-18 15:27:06,Alert
2025-06-18 15:27:06,Alert
2025-06-18 15:27:06,Alert
2025-06-18 15:27:06,Alert
2025-06-18 15:27:06,Alert
2025-06-18 15:27:06,Alert
2025-06-18 15:27:07,Alert
2025-06-18 15:27:07,Alert
2025-06-18 15:27:07,Alert
2025-06-18 15:27:07,Alert
2025-06-18 15:27:07,Alert
2025-06-18 15:27:07,Alert
2025-06-18 15:27:07,Alert
2025-06-18 15:27:07,Alert
2025-06-18 15:27:07,Alert
2025-06-18 15:27:07,Alert
2025-06-18 15:27:07,Alert
2025-06-18 15:27:07,Alert
2025-06-18 15:27:07,Alert
2025-06-18 15:27:07,Alert
2025-06-18 15:27:07,Alert
2025-06-18 15:27:07,Alert
2025-06-18 15:27:07,Alert
2025-06-18 15:27:07,Alert
2025-06-18 15:27:07,Alert
2025-06-18 15:27:07,Alert
2025-06-18 15:27:07,Alert
2025-06-18 15:27:07,Alert
2025-06-18 15:27:07,Alert
2025-06-18 15:27:07,Alert
2025-06-18 15:27:07,Alert
2025-06-18 15:27:07,Alert
2025-06-18 15:27:07,Alert
2025-06-18 15:27:07,Alert
2025-06-18 15:27:07,Alert
2025-06-18 15:27:07,Alert
2025-06-18 15:27:08,Alert
2025-06-18 15:27:08,Alert
2025-06-18 15:27:08,Alert
2025-06-18 15:27:08,Alert
2025-06-18 15:27:08,Alert
2025-06-18 15:27:08,Alert
2025-06-18 15:27:08,Alert
2025-06-18 15:27:08,Alert
2025-06-18 15:27:08,Alert
2025-06-18 15:27:08,Alert
2025-06-18 15:27:08,Alert
2025-06-18 15:27:08,Alert
2025-06-18 15:27:08,Alert
2025-06-18 15:27:08,Alert
2025-06-18 15:27:08,Alert
2025-06-18 15:27:08,Alert
2025-06-18 15:27:08,Alert
2025-06-18 15:27:08,Alert
2025-06-18 15:27:08,Alert
2025-06-18 15:27:08,Alert
2025-06-18 15:27:08,Alert
2025-06-18 15:27:08,Alert
2025-06-18 15:27:08,Alert
2025-06-18 15:27:08,Fatigued
2025-06-18 15:27:08,Fatigued
2025-06-18 15:27:08,Fatigued
2025-06-18 15:27:08,Fatigued
2025-06-18 15:27:08,Fatigued
2025-06-18 15:27:08,Fatigued
2025-06-18 15:27:08,Fatigued
2025-06-18 15:27:09,Fatigued
2025-06-18 15:27:09,Alert
2025-06-18 15:27:09,Alert
2025-06-18 15:27:09,Alert
2025-06-18 15:27:09,Alert
2025-06-18 15:27:09,Alert
2025-06-18 15:27:09,Alert
2025-06-18 15:27:09,Alert
2025-06-18 15:27:09,Alert
2025-06-18 15:27:09,Alert
2025-06-18 15:27:09,Alert
2025-06-18 15:27:09,Alert
2025-06-18 15:27:09,Alert
2025-06-18 15:27:09,Alert
2025-06-18 15:27:09,Alert
2025-06-18 15:27:09,Alert
2025-06-18 15:27:09,Alert
2025-06-18 15:27:09,Alert
2025-06-18 15:27:09,Alert
2025-06-18 15:27:09,Alert
2025-06-18 15:27:09,Alert
2025-06-18 15:27:09,Alert
2025-06-18 15:27:09,Alert
2025-06-18 15:27:09,Alert
2025-06-18 15:27:09,Alert
2025-06-18 15:27:09,Alert
2025-06-18 15:27:09,Alert
2025-06-18 15:27:09,Alert
2025-06-18 15:27:09,Alert
2025-06-18 15:27:09,Alert
2025-06-18 15:27:10,Fatigued
2025-06-18 15:27:10,Fatigued
2025-06-18 15:27:10,Fatigued
2025-06-18 15:27:10,Fatigued
2025-06-18 15:27:10,Fatigued
2025-06-18 15:27:10,Fatigued
2025-06-18 15:27:10,Fatigued
2025-06-18 15:27:10,Fatigued
2025-06-18 15:27:10,Fatigued
2025-06-18 15:27:10,Fatigued
2025-06-18 15:27:10,Fatigued
2025-06-18 15:27:10,Fatigued
2025-06-18 15:27:10,Fatigued
2025-06-18 15:27:10,Fatigued
2025-06-18 15:27:10,Fatigued
2025-06-18 15:27:10,Fatigued
2025-06-18 15:27:10,Fatigued
2025-06-18 15:27:10,Fatigued
2025-06-18 15:27:10,Fatigued
2025-06-18 15:27:10,Fatigued
2025-06-18 15:27:10,Fatigued
2025-06-18 15:27:10,Fatigued
2025-06-18 15:27:10,Fatigued
2025-06-18 15:27:10,Fatigued
2025-06-18 15:27:10,Fatigued
2025-06-18 15:27:10,Fatigued
2025-06-18 15:27:10,Fatigued
2025-06-18 15:27:10,Fatigued
2025-06-18 15:27:10,Fatigued
2025-06-18 15:27:11,Fatigued
2025-06-18 15:27:11,Fatigued
2025-06-18 15:27:11,Fatigued
2025-06-18 15:27:11,Fatigued
2025-06-18 15:27:11,Fatigued
2025-06-18 15:27:11,Fatigued
2025-06-18 15:27:11,Fatigued
2025-06-18 15:27:11,Fatigued
2025-06-18 15:27:11,Fatigued
2025-06-18 15:27:11,Fatigued
2025-06-18 15:27:11,Fatigued
2025-06-18 15:27:11,Alert
2025-06-18 15:27:11,Alert
2025-06-18 15:27:11,Alert
2025-06-18 15:27:11,Alert
2025-06-18 15:27:11,Alert
2025-06-18 15:27:11,Alert
2025-06-18 15:27:11,Alert
2025-06-18 15:27:11,Alert
2025-06-18 15:27:11,Alert
2025-06-18 15:27:11,Alert
2025-06-18 15:27:11,Alert
2025-06-18 15:27:11,Alert
2025-06-18 15:27:11,Alert
2025-06-18 15:27:11,Alert
2025-06-18 15:27:11,Alert
2025-06-18 15:27:11,Alert
2025-06-18 15:27:11,Alert
2025-06-18 15:27:11,Alert
2025-06-18 15:27:11,Alert
2025-06-18 15:27:12,Alert
2025-06-18 15:27:12,Alert
2025-06-18 15:27:12,Alert
2025-06-18 15:27:12,Alert
2025-06-18 15:27:12,Alert
2025-06-18 15:27:12,Alert
2025-06-18 15:27:12,Alert
2025-06-18 15:27:12,Alert
2025-06-18 15:27:12,Alert
2025-06-18 15:27:12,Alert
2025-06-18 15:27:12,Alert
2025-06-18 15:27:12,Alert
2025-06-18 15:27:12,Alert
2025-06-18 15:27:12,Alert
2025-06-18 15:27:12,Alert
2025-06-18 15:27:12,Alert
2025-06-18 15:27:12,Alert
2025-06-18 15:27:12,Alert
2025-06-18 15:27:12,Alert
2025-06-18 15:27:12,Alert
2025-06-18 15:27:12,Alert
2025-06-18 15:27:12,Alert
2025-06-18 15:27:12,Alert
2025-06-18 15:27:12,Alert
2025-06-18 15:27:12,Alert
2025-06-18 15:27:12,Alert
2025-06-18 15:27:12,Alert
2025-06-18 15:27:12,Alert
2025-06-18 15:27:12,Fatigued
2025-06-18 15:27:12,Fatigued
2025-06-18 15:27:13,Fatigued
2025-06-18 15:27:13,Fatigued
2025-06-18 15:27:13,Fatigued
2025-06-18 15:27:13,Fatigued
2025-06-18 15:27:13,Fatigued
2025-06-18 15:27:13,Fatigued
2025-06-18 15:27:13,Fatigued
2025-06-18 15:27:13,Fatigued
2025-06-18 15:27:13,Fatigued
2025-06-18 15:27:13,Fatigued
2025-06-18 15:27:13,Fatigued
2025-06-18 15:27:13,Alert
2025-06-18 15:27:13,Alert
2025-06-18 15:27:13,Alert
2025-06-18 15:27:13,Alert
2025-06-18 15:27:13,Alert
2025-06-18 15:27:13,Alert
2025-06-18 15:27:13,Alert
2025-06-18 15:27:13,Alert
2025-06-18 15:27:13,Alert
2025-06-18 15:27:13,Alert
2025-06-18 15:27:13,Alert
2025-06-18 15:27:13,Alert
2025-06-18 15:27:13,Alert
2025-06-18 15:27:13,Alert
2025-06-18 15:27:13,Alert
2025-06-18 15:27:13,Alert
2025-06-18 15:27:13,Alert
2025-06-18 15:27:13,Alert
2025-06-18 15:27:13,Alert
2025-06-18 15:27:14,Alert
2025-06-18 15:27:14,Alert
2025-06-18 15:27:14,Alert
2025-06-18 15:27:14,Alert
2025-06-18 15:27:14,Alert
2025-06-18 15:27:14,Alert
2025-06-18 15:27:14,Alert
2025-06-18 15:27:14,Alert
2025-06-18 15:27:14,Alert
2025-06-18 15:27:14,Alert
2025-06-18 15:27:14,Alert
2025-06-18 15:27:14,Alert
2025-06-18 15:27:14,Alert
2025-06-18 15:27:14,Alert
2025-06-18 15:27:14,Alert
2025-06-18 15:27:14,Alert
2025-06-18 15:27:14,Alert
2025-06-18 15:27:14,Alert
2025-06-18 15:27:14,Alert
2025-06-18 15:27:14,Alert
2025-06-18 15:27:14,Alert
2025-06-18 15:27:14,Alert
2025-06-18 15:27:14,Alert
2025-06-18 15:27:14,Alert
2025-06-18 15:27:14,Alert
2025-06-18 15:27:14,Alert
2025-06-18 15:27:14,Alert
2025-06-18 15:27:14,Alert
2025-06-18 15:27:14,Alert
2025-06-18 15:27:14,Alert
2025-06-18 15:27:15,Alert
2025-06-18 15:27:15,Alert
2025-06-18 15:27:15,Alert
2025-06-18 15:27:15,Alert
2025-06-18 15:27:15,Alert
2025-06-18 15:27:15,Alert
2025-06-18 15:27:15,Alert
2025-06-18 15:27:15,Alert
2025-06-18 15:27:15,Alert
2025-06-18 15:27:15,Fatigued
2025-06-18 15:27:15,Fatigued
2025-06-18 15:27:15,Fatigued
2025-06-18 15:27:15,Fatigued
2025-06-18 15:27:15,Fatigued
2025-06-18 15:27:15,Fatigued
2025-06-18 15:27:15,Fatigued
2025-06-18 15:27:15,Fatigued
2025-06-18 15:27:15,Alert
2025-06-18 15:27:15,Alert
2025-06-18 15:27:15,Alert
2025-06-18 15:27:15,Alert
2025-06-18 15:27:15,Alert
2025-06-18 15:27:15,Alert
2025-06-18 15:27:15,Alert
2025-06-18 15:27:15,Alert
2025-06-18 15:27:15,Alert
2025-06-18 15:27:15,Alert
2025-06-18 15:27:15,Alert
2025-06-18 15:27:15,Alert
2025-06-18 15:27:15,Alert
2025-06-18 15:27:16,Alert
2025-06-18 15:27:16,Alert
2025-06-18 15:27:16,Fatigued
2025-06-18 15:27:16,Alert
2025-06-18 15:27:16,Alert
2025-06-18 15:27:16,Alert
2025-06-18 15:27:16,Alert
2025-06-18 15:27:16,Alert
2025-06-18 15:27:16,Alert
2025-06-18 15:27:16,Alert
2025-06-18 15:27:16,Alert
2025-06-18 15:27:16,Alert
2025-06-18 15:27:16,Alert
2025-06-18 15:27:16,Alert
2025-06-18 15:27:16,Alert
2025-06-18 15:27:16,Alert
2025-06-18 15:27:16,Alert
2025-06-18 15:27:16,Alert
2025-06-18 15:27:16,Fatigued
2025-06-18 15:27:16,Fatigued
2025-06-18 15:27:16,Fatigued
2025-06-18 15:27:16,Fatigued
2025-06-18 15:27:16,Fatigued
2025-06-18 15:27:16,Fatigued
2025-06-18 15:27:16,Fatigued
2025-06-18 15:27:16,Fatigued
2025-06-18 15:27:16,Fatigued
2025-06-18 15:27:16,Fatigued
2025-06-18 15:27:16,Fatigued
2025-06-18 15:27:16,Fatigued
2025-06-18 15:27:17,Fatigued
2025-06-18 15:27:17,Fatigued
2025-06-18 15:27:17,Fatigued
2025-06-18 15:27:17,Fatigued
2025-06-18 15:27:17,Fatigued
2025-06-18 15:27:17,Fatigued
2025-06-18 15:27:17,Fatigued
2025-06-18 15:27:17,Fatigued
2025-06-18 15:27:17,Fatigued
2025-06-18 15:27:17,Fatigued
2025-06-18 15:27:17,Fatigued
2025-06-18 15:27:17,Fatigued
2025-06-18 15:27:17,Fatigued
2025-06-18 15:27:17,Fatigued
2025-06-18 15:27:17,Fatigued
2025-06-18 15:27:17,Fatigued
2025-06-18 15:27:17,Fatigued
2025-06-18 15:27:17,Fatigued
2025-06-18 15:27:17,Fatigued
2025-06-18 15:27:17,Fatigued
2025-06-18 15:27:17,Fatigued
2025-06-18 15:27:17,Fatigued
2025-06-18 15:27:17,Fatigued
2025-06-18 15:27:17,Fatigued
2025-06-18 15:27:17,Fatigued
2025-06-18 15:27:17,Fatigued
2025-06-18 15:27:17,Fatigued
2025-06-18 15:27:17,Fatigued
2025-06-18 15:27:17,Fatigued
2025-06-18 15:27:17,Fatigued
2025-06-18 15:27:18,Fatigued
2025-06-18 15:27:18,Fatigued
2025-06-18 15:27:18,Fatigued
2025-06-18 15:27:18,Fatigued
2025-06-18 15:27:18,Fatigued
2025-06-18 15:27:18,Fatigued
2025-06-18 15:27:18,Fatigued
2025-06-18 15:27:18,Fatigued
2025-06-18 15:27:18,Fatigued
2025-06-18 15:27:18,Fatigued
2025-06-18 15:27:18,Fatigued
2025-06-18 15:27:18,Fatigued
2025-06-18 15:27:18,Fatigued
2025-06-18 15:27:18,Fatigued
2025-06-18 15:27:18,Fatigued
2025-06-18 15:27:18,Fatigued
2025-06-18 15:27:18,Fatigued
2025-06-18 15:27:18,Fatigued
2025-06-18 15:27:18,Fatigued
2025-06-18 15:27:18,Fatigued
2025-06-18 15:27:18,Fatigued
2025-06-18 15:27:18,Fatigued
2025-06-18 15:27:18,Fatigued
2025-06-18 15:27:18,Fatigued
2025-06-18 15:27:18,Fatigued
2025-06-18 15:27:18,Fatigued
2025-06-18 15:27:18,Fatigued
2025-06-18 15:27:18,Fatigued
2025-06-18 15:27:18,Fatigued
2025-06-18 15:27:19,Fatigued
2025-06-18 15:27:19,Fatigued
2025-06-18 15:27:19,Fatigued
2025-06-18 15:27:19,Fatigued
2025-06-18 15:27:19,Fatigued
2025-06-18 15:27:19,Fatigued
2025-06-18 15:27:19,Fatigued
2025-06-18 15:27:19,Fatigued
2025-06-18 15:27:19,Fatigued
2025-06-18 15:27:19,Fatigued
2025-06-18 15:27:19,Fatigued
2025-06-18 15:27:19,Fatigued
2025-06-18 15:27:19,Fatigued
2025-06-18 15:27:19,Fatigued
2025-06-18 15:27:19,Fatigued
2025-06-18 15:27:19,Fatigued
2025-06-18 15:27:19,Fatigued
2025-06-18 15:27:19,Fatigued
2025-06-18 15:27:19,Fatigued
2025-06-18 15:27:19,Fatigued
2025-06-18 15:27:19,Fatigued
2025-06-18 15:27:19,Fatigued
2025-06-18 15:27:19,Fatigued
2025-06-18 15:27:19,Fatigued
2025-06-18 15:27:19,Fatigued
2025-06-18 15:27:19,Fatigued
2025-06-18 15:27:19,Fatigued
2025-06-18 15:27:19,Fatigued
2025-06-18 15:27:19,Fatigued
2025-06-18 15:27:19,Fatigued
2025-06-18 15:27:20,Fatigued
2025-06-18 15:27:20,Fatigued
2025-06-18 15:27:20,Fatigued
2025-06-18 15:27:20,Fatigued
2025-06-18 15:27:20,Fatigued
2025-06-18 15:27:20,Fatigued
2025-06-18 15:27:20,Fatigued
2025-06-18 15:27:20,Fatigued
2025-06-18 15:27:20,Fatigued
2025-06-18 15:27:20,Fatigued
2025-06-18 15:27:20,Fatigued
2025-06-18 15:27:20,Fatigued
2025-06-18 15:27:20,Fatigued
2025-06-18 15:27:20,Fatigued
2025-06-18 15:27:20,Fatigued
2025-06-18 15:27:20,Fatigued
2025-06-18 15:27:20,Fatigued
2025-06-18 15:27:20,Fatigued
2025-06-18 15:27:20,Fatigued
2025-06-18 15:27:20,Fatigued
2025-06-18 15:27:20,Fatigued
2025-06-18 15:27:20,Fatigued
2025-06-18 15:27:20,Fatigued
2025-06-18 15:27:20,Fatigued
2025-06-18 15:27:20,Fatigued
2025-06-18 15:27:20,Fatigued
2025-06-18 15:27:20,Fatigued
2025-06-18 15:27:20,Fatigued
2025-06-18 15:27:20,Fatigued
2025-06-18 15:27:20,Fatigued
2025-06-18 15:27:21,Fatigued
2025-06-18 15:27:21,Fatigued
2025-06-18 15:27:21,Fatigued
2025-06-18 15:27:21,Fatigued
2025-06-18 15:27:21,Fatigued
2025-06-18 15:27:21,Fatigued
2025-06-18 15:27:21,Fatigued
2025-06-18 15:27:21,Fatigued
2025-06-18 15:27:21,Fatigued
2025-06-18 15:27:21,Fatigued
2025-06-18 15:27:21,Fatigued
2025-06-18 15:27:21,Fatigued
2025-06-18 15:27:21,Fatigued
2025-06-18 15:27:21,Alert
2025-06-18 15:27:21,Alert
2025-06-18 15:27:21,Alert
2025-06-18 15:27:21,Alert
2025-06-18 15:27:21,Alert
2025-06-18 15:27:21,Alert
2025-06-18 15:27:21,Alert
2025-06-18 15:27:21,Alert
2025-06-18 15:27:21,Alert
2025-06-18 15:27:21,Alert
2025-06-18 15:27:21,Alert
2025-06-18 15:27:21,Alert
2025-06-18 15:27:21,Alert
2025-06-18 15:27:21,Alert
2025-06-18 15:27:21,Alert
2025-06-18 15:27:21,Alert
2025-06-18 15:27:21,Alert
2025-06-18 15:27:22,Alert
2025-06-18 15:27:22,Alert
2025-06-18 15:27:22,Alert
2025-06-18 15:27:22,Alert
2025-06-18 15:27:22,Alert
2025-06-18 15:27:22,Alert
2025-06-18 15:27:22,Alert
2025-06-18 15:27:22,Alert
2025-06-18 15:27:22,Alert
2025-06-18 15:27:22,Alert
2025-06-18 15:27:22,Alert
2025-06-18 15:27:22,Alert
2025-06-18 15:27:22,Alert
2025-06-18 15:27:22,Alert
2025-06-18 15:27:22,Alert
2025-06-18 15:27:22,Alert
2025-06-18 15:27:22,Alert
2025-06-18 15:27:22,Alert
2025-06-18 15:27:22,Alert
2025-06-18 15:27:22,Alert
2025-06-18 15:27:22,Fatigued
2025-06-18 15:27:22,Fatigued
2025-06-18 15:27:22,Fatigued
2025-06-18 15:27:22,Fatigued
2025-06-18 15:27:22,Fatigued
2025-06-18 15:27:22,Fatigued
2025-06-18 15:27:22,Fatigued
2025-06-18 15:27:22,Fatigued
2025-06-18 15:27:22,Fatigued
2025-06-18 15:27:22,Fatigued
2025-06-18 15:27:23,Fatigued
2025-06-18 15:27:23,Fatigued
2025-06-18 15:27:23,Fatigued
2025-06-18 15:27:23,Fatigued
2025-06-18 15:27:23,Fatigued
2025-06-18 15:27:23,Fatigued
2025-06-18 15:27:23,Fatigued
2025-06-18 15:27:23,Fatigued
2025-06-18 15:27:23,Fatigued
2025-06-18 15:27:23,Fatigued
2025-06-18 15:27:23,Fatigued
2025-06-18 15:27:23,Fatigued
2025-06-18 15:27:23,Fatigued
2025-06-18 15:27:23,Fatigued
2025-06-18 15:27:23,Fatigued
2025-06-18 15:27:23,Fatigued
2025-06-18 15:27:23,Fatigued
2025-06-18 15:27:23,Fatigued
2025-06-18 15:27:23,Alert
2025-06-18 15:27:23,Alert
2025-06-18 15:27:23,Alert
2025-06-18 15:27:23,Alert
2025-06-18 15:27:23,Alert
2025-06-18 15:27:23,Alert
2025-06-18 15:27:23,Alert
2025-06-18 15:27:23,Alert
2025-06-18 15:27:23,Alert
2025-06-18 15:27:23,Alert
2025-06-18 15:27:23,Alert
2025-06-18 15:27:23,Alert
2025-06-18 15:27:24,Alert
2025-06-18 15:27:24,Alert
2025-06-18 15:27:24,Alert
2025-06-18 15:27:24,Alert
2025-06-18 15:27:24,Fatigued
2025-06-18 15:27:24,Fatigued
2025-06-18 15:27:24,Fatigued
2025-06-18 15:27:24,Fatigued
2025-06-18 15:27:24,Fatigued
2025-06-18 15:27:24,Fatigued
2025-06-18 15:27:24,Fatigued
2025-06-18 15:27:24,Fatigued
2025-06-18 15:27:24,Fatigued
2025-06-18 15:27:24,Fatigued
2025-06-18 15:27:24,Fatigued
2025-06-18 15:27:24,Fatigued
2025-06-18 15:27:24,Fatigued
2025-06-18 15:27:24,Fatigued
2025-06-18 15:27:24,Fatigued
2025-06-18 15:27:24,Fatigued
2025-06-18 15:27:24,Fatigued
2025-06-18 15:27:24,Fatigued
2025-06-18 15:27:24,Fatigued
2025-06-18 15:27:24,Fatigued
2025-06-18 15:27:24,Fatigued
2025-06-18 15:27:24,Fatigued
2025-06-18 15:27:24,Fatigued
2025-06-18 15:27:24,Fatigued
2025-06-18 15:27:24,Fatigued
2025-06-18 15:27:25,Fatigued
2025-06-18 15:27:25,Fatigued
2025-06-18 15:27:25,Fatigued
2025-06-18 15:27:25,Fatigued
2025-06-18 15:27:25,Fatigued
2025-06-18 15:27:25,Fatigued
2025-06-18 15:27:25,Fatigued
2025-06-18 15:27:25,Fatigued
2025-06-18 15:27:25,Fatigued
2025-06-18 15:27:25,Fatigued
2025-06-18 15:27:25,Fatigued
2025-06-18 15:27:25,Fatigued
2025-06-18 15:27:25,Fatigued
2025-06-18 15:27:25,Fatigued
2025-06-18 15:27:25,Fatigued
2025-06-18 15:27:25,Fatigued
2025-06-18 15:27:25,Fatigued
2025-06-18 15:27:25,Fatigued
2025-06-18 15:27:25,Fatigued
2025-06-18 15:27:25,Fatigued
2025-06-18 15:27:25,Fatigued
2025-06-18 15:27:25,Fatigued
2025-06-18 15:27:25,Fatigued
2025-06-18 15:27:25,Fatigued
2025-06-18 15:27:25,Fatigued
2025-06-18 15:27:25,Fatigued
2025-06-18 15:27:25,Fatigued
2025-06-18 15:27:25,Fatigued
2025-06-18 15:27:25,Fatigued
2025-06-18 15:27:26,Fatigued
2025-06-18 15:27:26,Fatigued
2025-06-18 15:27:26,Fatigued
2025-06-18 15:27:26,Fatigued
2025-06-18 15:27:26,Fatigued
2025-06-18 15:27:26,Fatigued
2025-06-18 15:27:26,Fatigued
2025-06-18 15:27:26,Fatigued
2025-06-18 15:27:26,Fatigued
2025-06-18 15:27:26,Fatigued
2025-06-18 15:27:26,Fatigued
2025-06-18 15:27:26,Fatigued
2025-06-18 15:27:26,Fatigued
2025-06-18 15:27:26,Fatigued
2025-06-18 15:27:26,Fatigued
2025-06-18 15:27:26,Fatigued
2025-06-18 15:27:26,Fatigued
2025-06-18 15:27:26,Fatigued
2025-06-18 15:27:26,Fatigued
2025-06-18 15:27:26,Fatigued
2025-06-18 15:27:26,Fatigued
2025-06-18 15:27:26,Fatigued
2025-06-18 15:27:26,Fatigued
2025-06-18 15:27:26,Fatigued
2025-06-18 15:27:26,Fatigued
2025-06-18 15:27:26,Fatigued
2025-06-18 15:27:26,Fatigued
2025-06-18 15:27:26,Fatigued
2025-06-18 15:27:26,Fatigued
2025-06-18 15:27:26,Fatigued
2025-06-18 15:27:27,Fatigued
2025-06-18 15:27:27,Fatigued
2025-06-18 15:27:27,Fatigued
2025-06-18 15:27:27,Fatigued
2025-06-18 15:27:27,Fatigued
2025-06-18 15:27:27,Fatigued
2025-06-18 15:27:27,Fatigued
2025-06-18 15:27:27,Fatigued
2025-06-18 15:27:27,Fatigued
2025-06-18 15:27:27,Fatigued
2025-06-18 15:27:27,Fatigued
2025-06-18 15:27:27,Fatigued
2025-06-18 15:27:27,Fatigued
2025-06-18 15:27:27,Fatigued
2025-06-18 15:27:27,Fatigued
2025-06-18 15:27:27,Fatigued
2025-06-18 15:27:27,Fatigued
2025-06-18 15:27:27,Fatigued
2025-06-18 15:27:27,Fatigued
2025-06-18 15:27:27,Fatigued
2025-06-18 15:27:27,Fatigued
2025-06-18 15:27:27,Fatigued
2025-06-18 15:27:27,Fatigued
2025-06-18 15:27:27,Fatigued
2025-06-18 15:27:27,Fatigued
2025-06-18 15:27:27,Fatigued
2025-06-18 15:27:27,Fatigued
2025-06-18 15:27:27,Fatigued
2025-06-18 15:27:27,Fatigued
2025-06-18 15:27:27,Fatigued
2025-06-18 15:27:28,Fatigued
2025-06-18 15:27:28,Fatigued
2025-06-18 15:27:28,Fatigued
2025-06-18 15:27:28,Fatigued
2025-06-18 15:27:28,Fatigued
2025-06-18 15:27:28,Fatigued
2025-06-18 15:27:28,Fatigued
2025-06-18 15:27:28,Fatigued
2025-06-18 15:27:28,Fatigued
2025-06-18 15:27:28,Fatigued
2025-06-18 15:27:28,Fatigued
2025-06-18 15:27:28,Fatigued
2025-06-18 15:27:28,Fatigued
2025-06-18 15:27:28,Fatigued
2025-06-18 15:27:28,Fatigued
2025-06-18 15:27:28,Alert
2025-06-18 15:27:28,Alert
2025-06-18 15:27:28,Alert
2025-06-18 15:27:28,Alert
2025-06-18 15:27:28,Alert
2025-06-18 15:27:28,Alert
2025-06-18 15:27:28,Alert
2025-06-18 15:27:28,Alert
2025-06-18 15:27:28,Alert
2025-06-18 15:27:28,Alert
2025-06-18 15:27:28,Alert
2025-06-18 15:27:28,Alert
2025-06-18 15:27:28,Alert
2025-06-18 15:27:28,Alert
2025-06-18 15:27:28,Alert
2025-06-18 15:27:29,Alert
2025-06-18 15:27:29,Alert
2025-06-18 15:27:29,Alert
2025-06-18 15:27:29,Alert
2025-06-18 15:27:29,Alert
2025-06-18 15:27:29,Alert
2025-06-18 15:27:29,Alert
2025-06-18 15:27:29,Alert
2025-06-18 15:27:29,Alert
2025-06-18 15:27:29,Alert
2025-06-18 15:27:29,Alert
2025-06-18 15:27:29,Alert
2025-06-18 15:27:29,Alert
2025-06-18 15:27:29,Alert
2025-06-18 15:27:29,Alert
2025-06-18 15:27:29,Alert
2025-06-18 15:27:29,Alert
2025-06-18 15:27:29,Alert
2025-06-18 15:27:29,Alert
2025-06-18 15:27:29,Alert
2025-06-18 15:27:29,Alert
2025-06-18 15:27:29,Alert
2025-06-18 15:27:29,Alert
2025-06-18 15:27:29,Alert
2025-06-18 15:27:29,Alert
2025-06-18 15:27:29,Alert
2025-06-18 15:27:29,Alert
2025-06-18 15:27:29,Alert
2025-06-18 15:27:29,Alert
2025-06-18 15:27:29,Alert
2025-06-18 15:27:30,Fatigued
2025-06-18 15:27:30,Fatigued
2025-06-18 15:27:30,Fatigued
2025-06-18 15:27:30,Fatigued
2025-06-18 15:27:30,Fatigued
2025-06-18 15:27:30,Fatigued
2025-06-18 15:27:30,Fatigued
2025-06-18 15:27:30,Fatigued
2025-06-18 15:27:30,Fatigued
2025-06-18 15:27:30,Fatigued
2025-06-18 15:27:30,Fatigued
2025-06-18 15:27:30,Fatigued
2025-06-18 15:27:30,Fatigued
2025-06-18 15:27:30,Fatigued
2025-06-18 15:27:30,Fatigued
2025-06-18 15:27:30,Fatigued
2025-06-18 15:27:30,Fatigued
2025-06-18 15:27:30,Fatigued
2025-06-18 15:27:30,Fatigued
2025-06-18 15:27:30,Fatigued
2025-06-18 15:27:30,Fatigued
2025-06-18 15:27:30,Fatigued
2025-06-18 15:27:30,Alert
2025-06-18 15:27:30,Alert
2025-06-18 15:27:30,Alert
2025-06-18 15:27:30,Alert
2025-06-18 15:27:30,Alert
2025-06-18 15:27:30,Alert
2025-06-18 15:27:30,Alert
2025-06-18 15:27:30,Alert
2025-06-18 15:27:31,Alert
2025-06-18 15:27:31,Alert
2025-06-18 15:27:31,Alert
2025-06-18 15:27:31,Alert
2025-06-18 15:27:31,Alert
2025-06-18 15:27:31,Alert
2025-06-18 15:27:31,Alert
2025-06-18 15:27:31,Alert
2025-06-18 15:27:31,Alert
2025-06-18 15:27:31,Alert
2025-06-18 15:27:31,Alert
2025-06-18 15:27:31,Alert
2025-06-18 15:27:31,Alert
2025-06-18 15:27:31,Alert
2025-06-18 15:27:31,Alert
2025-06-18 15:27:31,Alert
2025-06-18 15:27:31,Alert
2025-06-18 15:27:31,Alert
2025-06-18 15:27:31,Alert
2025-06-18 15:27:31,Alert
2025-06-18 15:27:31,Alert
2025-06-18 15:27:31,Alert
2025-06-18 15:27:31,Alert
2025-06-18 15:27:31,Alert
2025-06-18 15:27:31,Alert
2025-06-18 15:27:31,Fatigued
2025-06-18 15:27:31,Fatigued
2025-06-18 15:27:31,Fatigued
2025-06-18 15:27:31,Fatigued
2025-06-18 15:27:31,Fatigued
2025-06-18 15:27:32,Fatigued
2025-06-18 15:27:32,Fatigued
2025-06-18 15:27:32,Fatigued
2025-06-18 15:27:32,Fatigued
2025-06-18 15:27:32,Fatigued
2025-06-18 15:27:32,Fatigued
2025-06-18 15:27:32,Fatigued
2025-06-18 15:27:32,Fatigued
2025-06-18 15:27:32,Fatigued
2025-06-18 15:27:32,Fatigued
2025-06-18 15:27:32,Fatigued
2025-06-18 15:27:32,Fatigued
2025-06-18 15:27:32,Fatigued
2025-06-18 15:27:32,Fatigued
2025-06-18 15:27:32,Fatigued
2025-06-18 15:27:32,Fatigued
2025-06-18 15:27:32,Fatigued
2025-06-18 15:27:32,Fatigued
2025-06-18 15:27:32,Fatigued
2025-06-18 15:27:32,Fatigued
2025-06-18 15:27:32,Fatigued
2025-06-18 15:27:32,Fatigued
2025-06-18 15:27:32,Fatigued
2025-06-18 15:27:32,Fatigued
2025-06-18 15:27:32,Fatigued
2025-06-18 15:27:32,Fatigued
2025-06-18 15:27:32,Fatigued
2025-06-18 15:27:32,Fatigued
2025-06-18 15:27:32,Fatigued
2025-06-18 15:27:32,Fatigued
2025-06-18 15:27:33,Fatigued
2025-06-18 15:27:33,Fatigued
2025-06-18 15:27:33,Fatigued
2025-06-18 15:27:33,Fatigued
2025-06-18 15:27:33,Fatigued
2025-06-18 15:27:33,Fatigued
2025-06-18 15:27:33,Fatigued
2025-06-18 15:27:33,Fatigued
2025-06-18 15:27:33,Fatigued
2025-06-18 15:27:33,Fatigued
2025-06-18 15:27:33,Fatigued
2025-06-18 15:27:33,Fatigued
2025-06-18 15:27:33,Fatigued
2025-06-18 15:27:33,Fatigued
2025-06-18 15:27:33,Fatigued
2025-06-18 15:27:33,Fatigued
2025-06-18 15:27:33,Fatigued
2025-06-18 15:27:33,Fatigued
2025-06-18 15:27:33,Fatigued
2025-06-18 15:27:33,Fatigued
2025-06-18 15:27:33,Fatigued
2025-06-18 15:27:33,Fatigued
2025-06-18 15:27:33,Fatigued
2025-06-18 15:27:33,Fatigued
2025-06-18 15:27:33,Fatigued
2025-06-18 15:27:33,Fatigued
2025-06-18 15:27:33,Fatigued
2025-06-18 15:27:33,Fatigued
2025-06-18 15:27:33,Fatigued
2025-06-18 15:27:34,Fatigued
2025-06-18 15:27:34,Fatigued
2025-06-18 15:27:34,Fatigued
2025-06-18 15:27:34,Fatigued
2025-06-18 15:27:34,Fatigued
2025-06-18 15:27:34,Fatigued
2025-06-18 15:27:34,Fatigued
2025-06-18 15:27:34,Fatigued
2025-06-18 15:27:34,Fatigued
2025-06-18 15:27:34,Fatigued
2025-06-18 15:27:34,Fatigued
2025-06-18 15:27:34,Fatigued
2025-06-18 15:27:34,Fatigued
2025-06-18 15:27:34,Fatigued
2025-06-18 15:27:34,Fatigued
2025-06-18 15:27:34,Fatigued
2025-06-18 15:27:34,Fatigued
2025-06-18 15:27:34,Fatigued
2025-06-18 15:27:34,Fatigued
2025-06-18 15:27:34,Fatigued
2025-06-18 15:27:34,Fatigued
2025-06-18 15:27:34,Fatigued
2025-06-18 15:27:34,Fatigued
2025-06-18 15:27:34,Fatigued
2025-06-18 15:27:34,Fatigued
2025-06-18 15:27:34,Fatigued
2025-06-18 15:27:35,Fatigued
2025-06-18 15:27:35,Fatigued
2025-06-18 15:27:35,Fatigued
2025-06-18 15:27:35,Fatigued
2025-06-18 15:27:35,Fatigued
2025-06-18 15:27:35,Fatigued
2025-06-18 15:27:35,Fatigued
2025-06-18 15:27:35,Fatigued
2025-06-18 15:27:35,Fatigued
2025-06-18 15:27:35,Fatigued
2025-06-18 15:27:35,Fatigued
2025-06-18 15:27:35,Fatigued
2025-06-18 15:27:35,Fatigued
2025-06-18 15:27:35,Fatigued
2025-06-18 15:27:35,Fatigued
2025-06-18 15:27:35,Fatigued
2025-06-18 15:27:35,Fatigued
2025-06-18 15:27:35,Fatigued
2025-06-18 15:27:35,Fatigued
2025-06-18 15:27:35,Fatigued
2025-06-18 15:27:35,Fatigued
2025-06-18 15:27:35,Fatigued
2025-06-18 15:27:35,Fatigued
2025-06-18 15:27:35,Fatigued
2025-06-18 15:27:35,Fatigued
2025-06-18 15:27:35,Fatigued
2025-06-18 15:27:35,Fatigued
2025-06-18 15:27:35,Fatigued
2025-06-18 15:27:35,Fatigued
2025-06-18 15:27:36,Fatigued
2025-06-18 15:27:36,Fatigued
2025-06-18 15:27:36,Fatigued
2025-06-18 15:27:36,Fatigued
2025-06-18 15:27:36,Fatigued
2025-06-18 15:27:36,Fatigued
2025-06-18 15:27:36,Fatigued
2025-06-18 15:27:36,Fatigued
2025-06-18 15:27:36,Fatigued
2025-06-18 15:27:36,Fatigued
2025-06-18 15:27:36,Fatigued
2025-06-18 15:27:36,Fatigued
2025-06-18 15:27:36,Fatigued
2025-06-18 15:27:36,Fatigued
2025-06-18 15:27:36,Fatigued
2025-06-18 15:27:36,Fatigued
2025-06-18 15:27:36,Fatigued
2025-06-18 15:27:36,Fatigued
2025-06-18 15:27:36,Fatigued
2025-06-18 15:27:36,Fatigued
2025-06-18 15:27:36,Fatigued
2025-06-18 15:27:36,Fatigued
2025-06-18 15:27:36,Fatigued
2025-06-18 15:27:36,Fatigued
2025-06-18 15:27:37,Fatigued
2025-06-18 15:27:37,Fatigued
2025-06-18 15:27:37,Fatigued
2025-06-18 15:27:37,Fatigued
2025-06-18 15:27:37,Fatigued
2025-06-18 15:27:37,Fatigued
2025-06-18 15:27:37,Fatigued
2025-06-18 15:27:37,Fatigued
2025-06-18 15:27:37,Fatigued
2025-06-18 15:27:37,Fatigued
2025-06-18 15:27:37,Fatigued
2025-06-18 15:27:37,Fatigued
2025-06-18 15:27:37,Fatigued
2025-06-18 15:27:37,Fatigued
2025-06-18 15:27:37,Fatigued
2025-06-18 15:27:37,Fatigued
2025-06-18 15:27:37,Fatigued
2025-06-18 15:27:37,Fatigued
2025-06-18 15:27:37,Fatigued
2025-06-18 15:27:37,Fatigued
2025-06-18 15:27:37,Fatigued
2025-06-18 15:27:37,Fatigued
2025-06-18 15:27:37,Fatigued
2025-06-18 15:27:37,Fatigued
2025-06-18 15:27:37,Fatigued
2025-06-18 15:27:37,Fatigued
2025-06-18 15:27:37,Fatigued
2025-06-18 15:27:37,Fatigued
2025-06-18 15:27:38,Fatigued
2025-06-18 15:27:38,Fatigued
2025-06-18 15:27:38,Fatigued
2025-06-18 15:27:38,Fatigued
2025-06-18 15:27:38,Fatigued
2025-06-18 15:27:38,Fatigued
2025-06-18 15:27:38,Fatigued
2025-06-18 15:27:38,Fatigued
2025-06-18 15:27:38,Fatigued
2025-06-18 15:27:38,Fatigued
2025-06-18 15:27:38,Fatigued
2025-06-18 15:27:38,Fatigued
2025-06-18 15:27:38,Fatigued
2025-06-18 15:27:38,Fatigued
2025-06-18 15:27:38,Fatigued
2025-06-18 15:27:38,Fatigued
2025-06-18 15:27:38,Fatigued
2025-06-18 15:27:38,Fatigued
2025-06-18 15:27:38,Fatigued
2025-06-18 15:27:38,Fatigued
2025-06-18 15:27:38,Fatigued
2025-06-18 15:27:38,Fatigued
2025-06-18 15:27:38,Fatigued
2025-06-18 15:27:38,Fatigued
2025-06-18 15:27:38,Fatigued
2025-06-18 15:27:38,Fatigued
2025-06-18 15:27:38,Fatigued
2025-06-18 15:27:38,Fatigued
2025-06-18 15:27:38,Fatigued
2025-06-18 15:27:39,Fatigued
2025-06-18 15:27:39,Fatigued
2025-06-18 15:27:39,Fatigued
2025-06-18 15:27:39,Fatigued
2025-06-18 15:27:39,Fatigued
2025-06-18 15:27:39,Fatigued
2025-06-18 15:27:39,Fatigued
2025-06-18 15:27:39,Fatigued
2025-06-18 15:27:39,Fatigued
2025-06-18 15:27:39,Fatigued
2025-06-18 15:27:39,Fatigued
2025-06-18 15:27:39,Fatigued
2025-06-18 15:27:39,Fatigued
2025-06-18 15:27:39,Fatigued
2025-06-18 15:27:39,Fatigued
2025-06-18 15:27:39,Fatigued
2025-06-18 15:27:39,Fatigued
2025-06-18 15:27:39,Fatigued
2025-06-18 15:27:39,Fatigued
2025-06-18 15:27:39,Fatigued
2025-06-18 15:27:39,Fatigued
2025-06-18 15:27:39,Fatigued
2025-06-18 15:27:39,Fatigued
2025-06-18 15:27:39,Fatigued
2025-06-18 15:27:39,Fatigued
2025-06-18 15:27:39,Fatigued
2025-06-18 15:27:39,Fatigued
2025-06-18 15:27:39,Fatigued
2025-06-18 15:27:39,Fatigued
2025-06-18 15:27:40,Fatigued
2025-06-18 15:27:40,Fatigued
2025-06-18 15:27:40,Fatigued
2025-06-18 15:27:40,Fatigued
2025-06-18 15:27:40,Fatigued
2025-06-18 15:27:40,Fatigued
2025-06-18 15:27:40,Fatigued
2025-06-18 15:27:40,Fatigued
2025-06-18 15:27:40,Fatigued
2025-06-18 15:27:40,Fatigued
2025-06-18 15:27:40,Fatigued
2025-06-18 15:27:40,Fatigued
2025-06-18 15:27:40,Fatigued
2025-06-18 15:27:40,Fatigued
2025-06-18 15:27:40,Fatigued
2025-06-18 15:27:40,Fatigued
2025-06-18 15:27:40,Fatigued
2025-06-18 15:27:40,Fatigued
2025-06-18 15:27:40,Fatigued
2025-06-18 15:27:40,Fatigued
2025-06-18 15:27:40,Fatigued
2025-06-18 15:27:40,Fatigued
2025-06-18 15:27:40,Fatigued
2025-06-18 15:27:40,Fatigued
2025-06-18 15:27:40,Fatigued
2025-06-18 15:27:40,Fatigued
2025-06-18 15:27:40,Fatigued
2025-06-18 15:27:40,Fatigued
2025-06-18 15:27:40,Fatigued
2025-06-18 15:27:40,Fatigued
2025-06-18 15:27:41,Fatigued
2025-06-18 15:27:41,Fatigued
2025-06-18 15:27:41,Fatigued
2025-06-18 15:27:41,Fatigued
2025-06-18 15:27:41,Fatigued
2025-06-18 15:27:41,Fatigued
2025-06-18 15:27:41,Fatigued
